,cdr_length,cdr_pos,CDR3_aa,r_sq,coef_est,std_err,t_val,p_val,corrected_p_val
58,12,109.0,W,0.0967750570979014,0.3108,0.071,4.392,1.916353562182394e-05,0.0012194977213887
59,12,109.0,Y,0.1622534088371783,0.4025,0.068,5.904,1.7265794128200502e-08,2.685790197720078e-06
66,12,113.0,H,0.0569294737979476,0.2385,0.072,3.296,0.0011799784393313,0.0291965705045227
76,12,113.0,T,0.0557808313876496,-0.236,0.072,-3.261,0.0013281891906012,0.0309910811140302
77,12,113.0,V,0.1152713417950697,-0.3392,0.07,-4.843,2.7481204943820597e-06,0.0002404605432584
79,12,113.0,Y,0.1300083398532087,0.3603,0.069,5.186,5.732535531447257e-07,6.173499803097045e-05
164,13,108.0,F,0.068221098037803,0.261,0.072,3.63,0.0003688614202327,0.0117364997346781
178,13,108.0,W,0.0889683776430353,0.298,0.071,4.193,4.318922445494332e-05,0.0020638080782591
184,13,109.0,F,0.0755637354800341,0.2747,0.072,3.836,0.0001729905313638,0.0062099165104988
188,13,109.0,K,0.1854309369051487,-0.4303,0.067,-6.401,1.2977797068751412e-09,3.6337831792503954e-07
199,13,109.0,Y,0.0921331027915841,0.3033,0.071,4.274,3.1082011579870714e-05,0.0017405926484727
223,13,113.0,E,0.051679941121659,0.2272,0.073,3.132,0.0020269136173415,0.0440986370169101
226,13,113.0,H,0.0786119389703575,0.2802,0.071,3.919,0.0001262661933151,0.0049136751485611
237,13,113.0,V,0.0515822682710199,-0.2269,0.073,-3.129,0.0020474367186422,0.0440986370169101
239,13,113.0,Y,0.0511201869809535,0.2259,0.073,3.114,0.0021473936352857,0.045091007457523
338,14,108.0,W,0.0887402860236332,0.2977,0.071,4.187,4.422445881983973e-05,0.0020638080782591
340,14,109.0,A,0.0718889589845167,-0.2679,0.072,-3.734,0.0002527424557342,0.0084247485244747
344,14,109.0,F,0.0612003502854753,0.2472,0.072,3.426,0.0007601039739772,0.0221696992410043
358,14,109.0,W,0.0910523618353563,0.3015,0.071,4.246,3.477972049762517e-05,0.001821958520259
359,14,109.0,Y,0.1027737609415653,0.3203,0.071,4.541,1.02361173696331e-05,0.0006824078246422
378,14,110.0,W,0.054404816371438,0.2331,0.072,3.218,0.0015305006257722,0.0345596915496969
379,14,110.0,Y,0.1777061627420406,0.4212,0.068,6.237,3.096427655816457e-09,6.192855311632914e-07
384,14,111.0,F,0.0574098603166393,0.2394,0.072,3.311,0.0011230169442777,0.0291152541109035
386,14,111.0,H,0.0601170314514272,0.245,0.072,3.393,0.0008497979778793,0.0237943433806218
392,14,111.0,P,0.059723175709784,-0.2442,0.072,-3.381,0.0008849692483926,0.0242932734852897
403,14,113.0,E,0.0849313358397469,0.2912,0.071,4.087,6.565492146537225e-05,0.00287240281411
418,14,113.0,W,0.0576098689967596,0.2398,0.072,3.317,0.0011001206643273,0.0290597911331741
419,14,113.0,Y,0.1111513752946147,0.3331,0.07,4.744,4.245137328947609e-06,0.0003127995926592
504,15,108.0,F,0.0812248496905141,0.2848,0.071,3.989,9.637139854721668e-05,0.0040884835747304
524,15,109.0,F,0.0786053926953158,0.2802,0.071,3.919,0.0001263516466772,0.0049136751485611
538,15,109.0,W,0.129068754639971,0.359,0.07,5.165,6.338668104165581e-07,6.33866810416558e-05
539,15,109.0,Y,0.0858150914613701,0.2927,0.071,4.111,5.990750155741714e-05,0.0027055000703349
544,15,110.0,F,0.0502190764490451,0.2239,0.073,3.085,0.0023566375117792,0.0485190075954557
559,15,110.0,Y,0.218014553204115,0.4666,0.066,7.084,3.0490214771579106e-11,1.4228766893403582e-08
579,15,111.0,Y,0.1998289633591911,0.4467,0.067,6.705,2.5161788804622976e-10,8.806626081618044e-08
599,15,112.0,Y,0.1036394054031349,0.3217,0.071,4.562,9.348553428492206e-06,0.0006543987399944
619,15,113.0,Y,0.0761125585882678,0.2757,0.072,3.851,0.0001634611510272,0.0061850165253571
724,16,109.0,F,0.0922535186860304,0.3035,0.071,4.277,3.069502960853698e-05,0.0017405926484727
758,16,110.0,W,0.0758249997763349,0.2752,0.072,3.843,0.0001683869817758,0.0062037309075324
759,16,110.0,Y,0.2388682640221577,0.4884,0.065,7.516,2.562750418046152e-12,3.330136613220597e-09
779,16,111.0,Y,0.1826643100316299,0.4271,0.067,6.343,1.773454288629884e-09,4.138060006803063e-07
783,16,112.1,E,0.0555784935472575,0.2356,0.072,3.255,0.0013561662084293,0.0311251260950997
797,16,112.1,V,0.0530184992724773,-0.2301,0.072,-3.175,0.0017655916697137,0.0392353704380842
799,16,112.1,Y,0.1116482703251775,0.3339,0.07,4.756,4.028524916071417e-06,0.0003127995926592
803,16,112.0,E,0.0726012824509949,0.2692,0.072,3.754,0.0002348416668316,0.0082194583391087
819,16,112.0,Y,0.0909538531587412,0.3014,0.071,4.244,3.5137771462138806e-05,0.001821958520259
838,16,113.0,W,0.0604813679637845,0.2457,0.072,3.404,0.0008185091180298,0.0233859748008524
964,17,110.0,F,0.1136836719480014,0.3369,0.07,4.805,3.2500069999583025e-06,0.0002676476352906
978,17,110.0,W,0.0933527746432006,0.3053,0.071,4.305,2.737661748942714e-05,0.0016664028037042
979,17,110.0,Y,0.2337076695929651,0.4831,0.065,7.409,4.757338018886567e-12,3.330136613220597e-09
982,17,111.0,D,0.0569406855894688,0.2384,0.072,3.297,0.0011786165878176,0.0291965705045227
983,17,111.0,E,0.0568578340867658,0.2383,0.072,3.294,0.0011887175133984,0.0291965705045227
999,17,111.0,Y,0.1429120507986184,0.3777,0.069,5.478,1.4293942284154404e-07,1.819229017983288e-05
1019,17,111.1,Y,0.1642932552362005,0.405,0.068,5.949,1.3783083079451116e-08,2.412039538903945e-06
1022,17,112.1,D,0.0720747380319257,0.2683,0.072,3.739,0.0002479466577985,0.0084247485244747
1039,17,112.1,Y,0.0896222874007377,0.2991,0.071,4.21,4.035305688205439e-05,0.0020176528441027
1043,17,112.0,E,0.0663824261006461,0.2574,0.072,3.577,0.0004457823499858,0.0135672889126115
1044,17,112.0,F,0.0636197523864022,0.252,0.072,3.497,0.0005924937588861,0.0176487502646925
1059,17,112.0,Y,0.0560467406764426,0.2366,0.072,3.269,0.001292299618999,0.0306647367220115
1202,18,110.0,D,0.0510727576809806,0.2258,0.073,3.113,0.0021579267854671,0.045091007457523
1218,18,110.0,W,0.0673646174284672,0.2593,0.072,3.606,0.0004028877495946,0.0125342855429437
1219,18,110.0,Y,0.1354687703873941,0.3678,0.069,5.311,3.191177936193126e-07,3.723040925558647e-05
1238,18,111.0,W,0.0561168799800309,0.2367,0.072,3.271,0.0012829959952685,0.0306647367220115
1239,18,111.0,Y,0.1515374474367276,0.389,0.069,5.67,5.59642158797155e-08,7.83499022316017e-06
1259,18,111.1,Y,0.0683798087951402,0.2613,0.072,3.635,0.0003628787341331,0.0117364997346781
1279,18,112.2,Y,0.1154199660286057,0.3395,0.07,4.846,2.705276664149728e-06,0.0002404605432584
1297,18,112.1,V,0.0808793421909177,-0.2842,0.071,-3.98,9.987835763377784e-05,0.0041126382555085
1319,18,112.0,Y,0.0582427590800004,0.2411,0.072,3.336,0.0010307038629408,0.0277497193868687
