Description	CHR	SNP	UNADJ	GC	BONF	HOLM	SIDAK_SS	SIDAK_SD	FDR_BH	FDR_BY
XL9 | Regulatory	6	6:32583468:T:C	2.74E-12	6.81E-09	6.58E-10	6.58E-10	6.58E-10	6.58E-10	3.91E-10	2.37E-09
DQA1*05:01-DQB1*02:01	6	6:32626484:T:C	3.25E-12	7.68E-09	7.81E-10	7.78E-10	7.81E-10	7.78E-10	3.91E-10	2.37E-09
DRB1*3:01	6	6:32605884:C:T	7.29E-12	1.35E-08	1.75E-09	1.74E-09	1.75E-09	1.74E-09	5.83E-10	3.54E-09
DQA1*01:02-DQB1*06:02	6	6:32622047:C:T	5.78E-11	5.75E-08	1.39E-08	1.37E-08	1.39E-08	1.37E-08	3.47E-09	2.10E-08
DRB1*15:01	6	6:32413545:A:G	4.96E-09	1.29E-06	1.19E-06	1.17E-06	1.19E-06	1.17E-06	2.38E-07	1.44E-06
DQA1*03:0X-DQB1*03:01	6	6:32583820:G:T	2.12E-06	8.89E-05	0.0005098	0.0004992	0.0005097	0.0004991	8.50E-05	0.0005149
DQA1*05:05-DQB1*03:01	6	6:32603212:T:C	9.43E-06	0.0002517	0.002263	0.002207	0.002261	0.002204	0.0003234	0.001959
Intergenic | DRA1-DRB1	6	6:32447188:T:A	6.18E-05	0.0009364	0.01482	0.01439	0.01471	0.01429	0.001853	0.01123
CTLA4	2	2:204753106:CT:C	0.0005733	0.004464	0.1376	0.133	0.1286	0.1246	0.01529	0.09264
	11	11:128604232:G:T	0.0101	0.0338	1	1	0.9125	0.9041	0.2424	1
	8	8:11735226:G:A	0.01421	0.04308	1	1	0.9678	0.9628	0.2928	1
	6	6:32677440:G:A	0.01568	0.04621	1	1	0.9775	0.9732	0.2928	1
	16	16:88989510:C:T	0.01607	0.04702	1	1	0.9795	0.9751	0.2928	1
	16	16:30514762:CT:C	0.01779	0.05055	1	1	0.9865	0.983	0.2928	1
	2	2:191970120:G:C	0.01886	0.0527	1	1	0.9896	0.9865	0.2928	1
	12	12:9885999:G:A	0.02014	0.05523	1	1	0.9924	0.9897	0.2928	1
	4	4:166574267:G:A	0.02278	0.0603	1	1	0.996	0.9943	0.2928	1
	8	8:11735184:G:T	0.02312	0.06095	1	1	0.9964	0.9946	0.2928	1
	10	10:32740019:A:G	0.02481	0.06409	1	1	0.9976	0.9962	0.2928	1
	6	6:32626037:G:T	0.02614	0.06653	1	1	0.9983	0.9971	0.2928	1
	6	6:32673385:C:G	0.02695	0.068	1	1	0.9986	0.9975	0.2928	1
	6	6:32681483:T:C	0.02745	0.0689	1	1	0.9987	0.9977	0.2928	1
	13	13:100064165:A:G	0.02806	0.07	1	1	0.9989	0.998	0.2928	1
	7	7:28142186:T:G	0.03707	0.08546	1	1	0.9999	0.9997	0.3661	1
	13	13:100068267:T:C	0.03813	0.0872	1	1	0.9999	0.9998	0.3661	1
	12	12:48208368:T:C	0.04354	0.09592	1	1	1	0.9999	0.4019	1
	11	11:128604174:C:T	0.04614	0.1	1	1	1	1	0.4101	1
	1	1:197812165:C:T	0.04838	0.1035	1	1	1	1	0.4147	1
	9	9:123666777:C:G	0.05732	0.1169	1	1	1	1	0.4682	1
	12	12:9905851:A:C	0.05931	0.1198	1	1	1	1	0.4682	1
	5	5:35903997:C:T	0.06048	0.1215	1	1	1	1	0.4682	1
	3	3:32457198:G:A	0.0667	0.1304	1	1	1	1	0.5003	1
	12	12:9910164:G:A	0.07114	0.1367	1	1	1	1	0.5174	1
	2	2:191953864:G:A	0.07524	0.1423	1	1	1	1	0.5256	1
	19	19:47208481:T:C	0.07665	0.1442	1	1	1	1	0.5256	1
	13	13:100076445:C:T	0.08432	0.1545	1	1	1	1	0.5481	1
	12	12:56474480:G:A	0.08876	0.1604	1	1	1	1	0.5481	1
	3	3:184102396:C:T	0.08876	0.1604	1	1	1	1	0.5481	1
	6	6:33047173:T:C	0.08947	0.1613	1	1	1	1	0.5481	1
	1	1:2507415:G:T	0.09135	0.1638	1	1	1	1	0.5481	1
	16	16:86016091:G:A	0.102	0.1774	1	1	1	1	0.5791	1
	2	2:204738919:G:A	0.1021	0.1776	1	1	1	1	0.5791	1
	10	10:6130077:T:C	0.1038	0.1797	1	1	1	1	0.5791	1
	4	4:123329362:G:A	0.1191	0.1987	1	1	1	1	0.6294	1
	8	8:56847170:G:A	0.1214	0.2015	1	1	1	1	0.6294	1
	7	7:26892325:G:A	0.1244	0.205	1	1	1	1	0.6294	1
	22	22:30504652:G:A	0.1244	0.2051	1	1	1	1	0.6294	1
	1	1:173216373:A:G	0.1259	0.2069	1	1	1	1	0.6294	1
	6	6:424915:C:A	0.1316	0.2136	1	1	1	1	0.6328	1
	4	4:123243594:ATC:A	0.1318	0.214	1	1	1	1	0.6328	1
	21	21:45750346:C:A	0.1395	0.2229	1	1	1	1	0.6493	1
	2	2:100763900:G:T	0.1411	0.2248	1	1	1	1	0.6493	1
	1	1:192539337:A:G	0.1448	0.2291	1	1	1	1	0.6493	1
	6	6:135719500:A:C	0.1515	0.2368	1	1	1	1	0.6493	1
	17	17:38076137:G:T	0.152	0.2375	1	1	1	1	0.6493	1
	10	10:103894939:A:C	0.154	0.2398	1	1	1	1	0.6493	1
	11	11:64135298:A:C	0.1542	0.24	1	1	1	1	0.6493	1
	13	13:75839022:T:G	0.1586	0.245	1	1	1	1	0.656	1
	12	12:56428244:G:A	0.1613	0.248	1	1	1	1	0.656	1
	11	11:61595564:C:T	0.1708	0.2586	1	1	1	1	0.6827	1
	2	2:25097644:G:A	0.1735	0.2617	1	1	1	1	0.6827	1
	6	6:127412752:CA:C	0.1772	0.2657	1	1	1	1	0.6858	1
	1	1:160937367:C:A	0.1818	0.2709	1	1	1	1	0.6927	1
	13	13:42917931:C:T	0.192	0.2819	1	1	1	1	0.7198	1
	12	12:6562285:C:T	0.1997	0.2903	1	1	1	1	0.7373	1
	16	16:11179873:A:G	0.2126	0.304	1	1	1	1	0.7588	1
	17	17:46034091:A:G	0.2164	0.308	1	1	1	1	0.7588	1
	1	1:64108771:T:C	0.2175	0.3092	1	1	1	1	0.7588	1
	4	4:40214554:G:A	0.2198	0.3116	1	1	1	1	0.7588	1
	2	2:242407746:A:G	0.223	0.3149	1	1	1	1	0.7588	1
	2	2:181974254:CAGAG:C	0.229	0.3213	1	1	1	1	0.7588	1
	1	1:154437896:C:T	0.2368	0.3293	1	1	1	1	0.7588	1
	13	13:100081766:T:C	0.2381	0.3306	1	1	1	1	0.7588	1
	1	1:2535092:ACT:A	0.2387	0.3312	1	1	1	1	0.7588	1
	14	14:69310512:C:T	0.2406	0.3332	1	1	1	1	0.7588	1
	12	12:56444632:C:T	0.2427	0.3354	1	1	1	1	0.7588	1
	1	1:64109264:T:C	0.2434	0.3361	1	1	1	1	0.7588	1
	1	1:206895361:G:T	0.2501	0.3429	1	1	1	1	0.7605	1
	3	3:119279148:G:A	0.2503	0.3432	1	1	1	1	0.7605	1
	1	1:156902281:T:G	0.2746	0.3676	1	1	1	1	0.8043	1
	17	17:38066372:T:C	0.2774	0.3704	1	1	1	1	0.8043	1
	15	15:79237293:C:T	0.2824	0.3754	1	1	1	1	0.8043	1
	12	12:49501398:C:T	0.2837	0.3767	1	1	1	1	0.8043	1
	16	16:28505660:G:C	0.2867	0.3796	1	1	1	1	0.8043	1
	19	19:49206674:G:A	0.2913	0.3842	1	1	1	1	0.8043	1
	1	1:151790858:G:A	0.2943	0.3871	1	1	1	1	0.8043	1
	18	18:67526644:T:C	0.3109	0.4034	1	1	1	1	0.8043	1
	9	9:5410286:G:A	0.312	0.4045	1	1	1	1	0.8043	1
	1	1:69965403:T:G	0.3138	0.4062	1	1	1	1	0.8043	1
	12	12:56482180:G:T	0.3236	0.4157	1	1	1	1	0.8043	1
	17	17:3901502:T:G	0.3255	0.4175	1	1	1	1	0.8043	1
	10	10:8108592:T:C	0.3314	0.4232	1	1	1	1	0.8043	1
	11	11:2182224:T:A	0.3347	0.4263	1	1	1	1	0.8043	1
	18	18:67531642:T:C	0.3355	0.4271	1	1	1	1	0.8043	1
	6	6:159470242:T:G	0.3404	0.4318	1	1	1	1	0.8043	1
	10	10:33426147:C:T	0.3415	0.4328	1	1	1	1	0.8043	1
	12	12:111865049:G:C	0.3501	0.441	1	1	1	1	0.8043	1
	6	6:128270067:C:T	0.354	0.4447	1	1	1	1	0.8043	1
	14	14:88544546:C:T	0.3576	0.4481	1	1	1	1	0.8043	1
	16	16:30134656:C:T	0.3607	0.451	1	1	1	1	0.8043	1
	10	10:6094697:C:T	0.3609	0.4513	1	1	1	1	0.8043	1
	1	1:198623842:G:T	0.3616	0.4519	1	1	1	1	0.8043	1
	11	11:35289043:C:T	0.363	0.4532	1	1	1	1	0.8043	1
	12	12:112007756:T:C	0.3637	0.4539	1	1	1	1	0.8043	1
	21	21:43841328:C:A	0.368	0.4579	1	1	1	1	0.8043	1
	14	14:98498951:A:G	0.3684	0.4583	1	1	1	1	0.8043	1
	17	17:43392208:G:A	0.3733	0.4629	1	1	1	1	0.8043	1
	16	16:75246035:G:C	0.3765	0.4659	1	1	1	1	0.8043	1
	1	1:200832584:A:G	0.3856	0.4743	1	1	1	1	0.8043	1
	10	10:81043372:C:G	0.3917	0.48	1	1	1	1	0.8043	1
	8	8:59886312:A:T	0.393	0.4813	1	1	1	1	0.8043	1
	16	16:50355996:G:A	0.3931	0.4813	1	1	1	1	0.8043	1
	4	4:38604470:G:A	0.3954	0.4835	1	1	1	1	0.8043	1
	14	14:88537408:C:T	0.3972	0.4851	1	1	1	1	0.8043	1
	8	8:11105077:T:C	0.3986	0.4864	1	1	1	1	0.8043	1
	3	3:156697097:A:G	0.4031	0.4906	1	1	1	1	0.8043	1
	11	11:2181060:G:T	0.4047	0.4921	1	1	1	1	0.8043	1
	16	16:11194771:C:T	0.4058	0.493	1	1	1	1	0.8043	1
	6	6:35360177:T:C	0.4092	0.4962	1	1	1	1	0.8043	1
	1	1:200798900:G:C	0.411	0.4978	1	1	1	1	0.8043	1
	22	22:30581722:C:T	0.4151	0.5016	1	1	1	1	0.8043	1
	14	14:69258841:G:C	0.4212	0.5072	1	1	1	1	0.8043	1
	22	22:37585736:C:T	0.4244	0.5101	1	1	1	1	0.8043	1
	18	18:67536496:C:T	0.4366	0.5212	1	1	1	1	0.8043	1
	21	21:43836186:G:A	0.4382	0.5227	1	1	1	1	0.8043	1
	1	1:114377568:G:A	0.4389	0.5233	1	1	1	1	0.8043	1
	22	22:37591318:A:G	0.4412	0.5254	1	1	1	1	0.8043	1
	6	6:31324736:TG:T	0.442	0.5261	1	1	1	1	0.8043	1
	16	16:11191400:G:A	0.4437	0.5276	1	1	1	1	0.8043	1
	6	6:126664333:T:C	0.4504	0.5338	1	1	1	1	0.8043	1
	6	6:126698719:G:A	0.456	0.5388	1	1	1	1	0.8043	1
	16	16:68104422:T:C	0.4607	0.543	1	1	1	1	0.8043	1
	7	7:22770149:A:G	0.463	0.5451	1	1	1	1	0.8043	1
	17	17:7633692:C:T	0.4697	0.5511	1	1	1	1	0.8043	1
	9	9:5430341:C:T	0.4711	0.5524	1	1	1	1	0.8043	1
	2	2:61222143:A:T	0.4757	0.5565	1	1	1	1	0.8043	1
	14	14:101306447:T:C	0.476	0.5567	1	1	1	1	0.8043	1
	16	16:28591530:G:A	0.4785	0.5589	1	1	1	1	0.8043	1
	8	8:119923873:A:G	0.4788	0.5593	1	1	1	1	0.8043	1
	21	21:45624551:C:T	0.4805	0.5608	1	1	1	1	0.8043	1
	12	12:96160856:C:T	0.482	0.5621	1	1	1	1	0.8043	1
	7	7:50473751:G:A	0.4875	0.567	1	1	1	1	0.8043	1
	14	14:69263599:C:T	0.4877	0.5672	1	1	1	1	0.8043	1
	5	5:35888203:G:A	0.4893	0.5686	1	1	1	1	0.8043	1
	5	5:35898259:G:A	0.494	0.5728	1	1	1	1	0.8043	1
	1	1:92823698:G:C	0.4947	0.5734	1	1	1	1	0.8043	1
	1	1:172715702:A:G	0.4969	0.5754	1	1	1	1	0.8043	1
	4	4:967331:A:C	0.4992	0.5774	1	1	1	1	0.8043	1
	9	9:5418191:T:C	0.4993	0.5775	1	1	1	1	0.8043	1
	7	7:20596929:A:G	0.5031	0.5808	1	1	1	1	0.8049	1
	1	1:212969580:G:T	0.5258	0.6009	1	1	1	1	0.8267	1
	4	4:123377980:A:C	0.5264	0.6014	1	1	1	1	0.8267	1
	18	18:46457096:C:T	0.527	0.602	1	1	1	1	0.8267	1
	16	16:28508069:C:T	0.5323	0.6067	1	1	1	1	0.8278	1
	1	1:200062389:G:A	0.5378	0.6115	1	1	1	1	0.8278	1
	16	16:20343091:C:T	0.538	0.6117	1	1	1	1	0.8278	1
	6	6:33044956:T:C	0.5469	0.6194	1	1	1	1	0.836	1
	17	17:38779942:G:A	0.5508	0.6228	1	1	1	1	0.8367	1
	6	6:29850909:C:T	0.5565	0.6278	1	1	1	1	0.837	1
	6	6:29939900:C:T	0.558	0.6291	1	1	1	1	0.837	1
	9	9:102585545:T:C	0.5652	0.6354	1	1	1	1	0.8426	1
	3	3:46384204:G:A	0.5705	0.6399	1	1	1	1	0.8452	1
	12	12:9095226:T:C	0.5794	0.6477	1	1	1	1	0.8485	1
	16	16:28539848:C:T	0.582	0.65	1	1	1	1	0.8485	1
	16	16:11428643:C:G	0.5833	0.6511	1	1	1	1	0.8485	1
	11	11:35314455:T:C	0.5887	0.6557	1	1	1	1	0.8512	1
	20	20:1616206:G:A	0.5978	0.6636	1	1	1	1	0.8552	1
	12	12:53471218:C:A	0.5995	0.6651	1	1	1	1	0.8552	1
	12	12:53585859:C:T	0.6022	0.6673	1	1	1	1	0.8552	1
	2	2:111616304:T:C	0.6127	0.6764	1	1	1	1	0.8633	1
	17	17:44073889:A:G	0.6261	0.6879	1	1	1	1	0.8633	1
	2	2:12652931:T:C	0.6336	0.6943	1	1	1	1	0.8633	1
	10	10:90047350:T:G	0.634	0.6946	1	1	1	1	0.8633	1
	3	3:108098637:C:T	0.634	0.6947	1	1	1	1	0.8633	1
	21	21:45629121:A:T	0.6362	0.6966	1	1	1	1	0.8633	1
	15	15:38962756:G:T	0.643	0.7023	1	1	1	1	0.8633	1
	4	4:26085480:A:G	0.6447	0.7038	1	1	1	1	0.8633	1
	10	10:6390450:A:G	0.6467	0.7055	1	1	1	1	0.8633	1
	12	12:12659894:G:A	0.6506	0.7088	1	1	1	1	0.8633	1
	10	10:90023033:T:C	0.6593	0.7162	1	1	1	1	0.8633	1
	18	18:12818922:G:A	0.6601	0.7169	1	1	1	1	0.8633	1
	1	1:214381305:G:A	0.6625	0.719	1	1	1	1	0.8633	1
	14	14:68753593:T:C	0.6635	0.7198	1	1	1	1	0.8633	1
	15	15:38902476:A:C	0.669	0.7245	1	1	1	1	0.8633	1
	2	2:61691440:C:T	0.671	0.7261	1	1	1	1	0.8633	1
	9	9:4290823:A:T	0.6736	0.7284	1	1	1	1	0.8633	1
	6	6:159465977:T:C	0.6827	0.7361	1	1	1	1	0.8633	1
	9	9:4283137:T:G	0.6832	0.7365	1	1	1	1	0.8633	1
	2	2:60607007:T:G	0.6853	0.7383	1	1	1	1	0.8633	1
	6	6:29836602:C:T	0.689	0.7414	1	1	1	1	0.8633	1
	1	1:206942413:C:T	0.6907	0.7428	1	1	1	1	0.8633	1
	1	1:206943968:C:A	0.6907	0.7428	1	1	1	1	0.8633	1
	2	2:136928320:C:T	0.695	0.7465	1	1	1	1	0.8642	1
	15	15:79235446:T:C	0.7021	0.7525	1	1	1	1	0.8686	1
	6	6:33071027:CTA:C	0.7101	0.7592	1	1	1	1	0.8734	1
	10	10:6618822:C:T	0.7135	0.7621	1	1	1	1	0.8734	1
	19	19:18518778:C:T	0.7169	0.765	1	1	1	1	0.8734	1
	8	8:129074902:G:C	0.7227	0.7698	1	1	1	1	0.8735	1
	5	5:40521705:G:T	0.7314	0.7772	1	1	1	1	0.8735	1
	2	2:163110536:A:G	0.7329	0.7784	1	1	1	1	0.8735	1
	16	16:75247245:T:G	0.743	0.7869	1	1	1	1	0.8735	1
	19	19:10469975:A:C	0.744	0.7877	1	1	1	1	0.8735	1
	20	20:1610551:C:T	0.7459	0.7894	1	1	1	1	0.8735	1
	10	10:6118770:C:T	0.7471	0.7903	1	1	1	1	0.8735	1
	10	10:6122009:T:A	0.749	0.7919	1	1	1	1	0.8735	1
	22	22:30451486:T:C	0.7498	0.7926	1	1	1	1	0.8735	1
	11	11:47225996:T:C	0.7595	0.8007	1	1	1	1	0.8805	1
	6	6:138003605:T:C	0.7707	0.8101	1	1	1	1	0.8855	1
	4	4:26114046:A:G	0.7711	0.8104	1	1	1	1	0.8855	1
	20	20:1615544:C:T	0.7797	0.8176	1	1	1	1	0.8911	1
	10	10:6097283:T:C	0.7843	0.8214	1	1	1	1	0.8921	1
	17	17:44081064:A:G	0.794	0.8296	1	1	1	1	0.8989	1
	1	1:120437884:A:G	0.8094	0.8423	1	1	1	1	0.9068	1
	1	1:117280696:T:C	0.8151	0.8471	1	1	1	1	0.9068	1
	22	22:30422107:G:C	0.8166	0.8483	1	1	1	1	0.9068	1
	6	6:90958231:C:G	0.8183	0.8498	1	1	1	1	0.9068	1
	6	6:31407579:G:A	0.8199	0.8511	1	1	1	1	0.9068	1
	6	6:31251924:C:T	0.8298	0.8593	1	1	1	1	0.9098	1
	10	10:90051317:A:G	0.8305	0.8599	1	1	1	1	0.9098	1
	11	11:115905730:T:C	0.834	0.8628	1	1	1	1	0.9098	1
	6	6:90976768:G:A	0.8401	0.8679	1	1	1	1	0.9123	1
	14	14:93104072:T:C	0.8536	0.8791	1	1	1	1	0.9229	1
	1	1:206939904:G:A	0.872	0.8943	1	1	1	1	0.9384	1
	20	20:33754604:T:G	0.8822	0.9028	1	1	1	1	0.9417	1
	5	5:55442249:T:C	0.8828	0.9033	1	1	1	1	0.9417	1
	2	2:61184651:G:A	0.9135	0.9287	1	1	1	1	0.9701	1
	20	20:39743905:G:A	0.9177	0.9321	1	1	1	1	0.9702	1
	4	4:103506444:T:C	0.9347	0.9462	1	1	1	1	0.9839	1
	2	2:163124051:C:T	0.9425	0.9526	1	1	1	1	0.9858	1
	18	18:12809340:A:G	0.9573	0.9648	1	1	1	1	0.9858	1
	21	21:43825722:G:C	0.9573	0.9648	1	1	1	1	0.9858	1
	11	11:2194810:C:T	0.9587	0.966	1	1	1	1	0.9858	1
	8	8:128197088:A:G	0.9637	0.9701	1	1	1	1	0.9858	1
	2	2:43738173:C:T	0.9759	0.9801	1	1	1	1	0.9858	1
	6	6:29914089:G:A	0.9765	0.9807	1	1	1	1	0.9858	1
	7	7:50473763:A:T	0.9774	0.9814	1	1	1	1	0.9858	1
	10	10:8102272:A:G	0.9775	0.9814	1	1	1	1	0.9858	1
	11	11:71165625:A:G	0.9776	0.9815	1	1	1	1	0.9858	1
	19	19:47196079:T:C	0.9832	0.9861	1	1	1	1	0.9873	1
	15	15:38847022:C:T	0.9964	0.997	1	1	1	1	0.9964	1
