	CHR	SNP	UNADJ	GC	BONF	HOLM	SIDAK_SS	SIDAK_SD	FDR_BH	FDR_BY	BETA				
DR3	6	6:32605884:C:T	0.0001264	0.0005697	0.03033	0.03033	0.02988	0.02988	0.01793	0.1086	0.0001507	Opposite beta direction CD8 pLN			N.S.
DQA1*05:01-DQB1*02:01	6	6:32626484:T:C	0.0001494	0.0006534	0.03585	0.0357	0.03522	0.03508	0.01793	0.1086	0.0001492	Opposite beta direction CD8 pLN			N.S.
DQA1*05:05-DQB1*03:01	6	6:32603212:T:C	0.000258	0.001023	0.06192	0.0614	0.06005	0.05956	0.02064	0.1251	-0.0001802	Same beta direction CD8 pLN			N.S.
	6	6:32583468:T:C	0.001291	0.003832	0.3098	0.3059	0.2665	0.2637	0.07744	0.4693					
	6	6:32447188:T:A	0.002368	0.006309	0.5682	0.5587	0.4338	0.4284	0.1028	0.623					
	7	7:28142186:T:G	0.00257	0.00675	0.6169	0.604	0.4608	0.4538	0.1028	0.623					
	2	2:242407746:A:G	0.003059	0.00779	0.7342	0.7158	0.5206	0.5118	0.1049	0.6356					
	6	6:32622047:C:T	0.007221	0.0158	1	1	0.8244	0.8152	0.1987	1					
	6	6:32413545:A:G	0.007451	0.01621	1	1	0.8338	0.8236	0.1987	1					
	11	11:128604232:G:T	0.0103	0.02118	1	1	0.9166	0.9085	0.2472	1					
	2	2:204753106:CT:C	0.01775	0.0332	1	1	0.9864	0.9837	0.3256	1					
	6	6:32583820:G:T	0.0185	0.03435	1	1	0.9887	0.9861	0.3256	1					
	11	11:128604174:C:T	0.01948	0.03586	1	1	0.9911	0.9887	0.3256	1					
	1	1:160937367:C:A	0.02226	0.04005	1	1	0.9955	0.994	0.3256	1					
	6	6:32681483:T:C	0.02266	0.04064	1	1	0.9959	0.9944	0.3256	1					
	1	1:173216373:A:G	0.02308	0.04125	1	1	0.9963	0.9948	0.3256	1					
	6	6:32673385:C:G	0.02409	0.04275	1	1	0.9971	0.9958	0.3256	1					
	11	11:61595564:C:T	0.02597	0.04549	1	1	0.9982	0.9972	0.3256	1					
	10	10:6097283:T:C	0.02804	0.04848	1	1	0.9989	0.9982	0.3256	1					
	3	3:184102396:C:T	0.02871	0.04943	1	1	0.9991	0.9984	0.3256	1					
	9	9:123666777:C:G	0.02983	0.05103	1	1	0.9993	0.9987	0.3256	1					
	2	2:100763900:G:T	0.02985	0.05106	1	1	0.9993	0.9987	0.3256	1					
	16	16:88989510:C:T	0.04372	0.07008	1	1	1	0.9999	0.4414	1					
	6	6:35360177:T:C	0.04414	0.07063	1	1	1	0.9999	0.4414	1					
	13	13:42917931:C:T	0.046	0.07309	1	1	1	1	0.4416	1					
	13	13:100076445:C:T	0.05993	0.09108	1	1	1	1	0.5411	1					
	22	22:30504652:G:A	0.06088	0.09228	1	1	1	1	0.5411	1					
	16	16:50355996:G:A	0.06945	0.103	1	1	1	1	0.5953	1					
	12	12:56428244:G:A	0.07397	0.1085	1	1	1	1	0.6036	1					
	10	10:90047350:T:G	0.07545	0.1104	1	1	1	1	0.6036	1					
	10	10:90023033:T:C	0.08058	0.1166	1	1	1	1	0.6239	1					
	5	5:35898259:G:A	0.08947	0.1272	1	1	1	1	0.6711	1					
	3	3:108098637:C:T	0.09494	0.1337	1	1	1	1	0.6818	1					
	4	4:123243594:ATC:A	0.09751	0.1367	1	1	1	1	0.6818	1					
	1	1:197812165:C:T	0.104	0.1443	1	1	1	1	0.6818	1					
	16	16:30514762:CT:C	0.1051	0.1455	1	1	1	1	0.6818	1					
	13	13:100064165:A:G	0.1051	0.1455	1	1	1	1	0.6818	1					
	4	4:26085480:A:G	0.1121	0.1536	1	1	1	1	0.6977	1					
	4	4:26114046:A:G	0.1178	0.1601	1	1	1	1	0.6977	1					
	1	1:206939904:G:A	0.118	0.1603	1	1	1	1	0.6977	1					
	2	2:191953864:G:A	0.1192	0.1617	1	1	1	1	0.6977	1					
	8	8:56847170:G:A	0.1248	0.168	1	1	1	1	0.7092	1					
	8	8:119923873:A:G	0.1271	0.1706	1	1	1	1	0.7092	1					
	12	12:9885999:G:A	0.1322	0.1763	1	1	1	1	0.721	1					
	4	4:166574267:G:A	0.1357	0.1803	1	1	1	1	0.7237	1					
	10	10:6094697:C:T	0.146	0.1917	1	1	1	1	0.7337	1					
	9	9:5410286:G:A	0.1479	0.1938	1	1	1	1	0.7337	1					
	1	1:206942413:C:T	0.1528	0.1991	1	1	1	1	0.7337	1					
	1	1:206943968:C:A	0.1528	0.1991	1	1	1	1	0.7337	1					
	10	10:90051317:A:G	0.1528	0.1992	1	1	1	1	0.7337	1					
	4	4:123329362:G:A	0.1658	0.2133	1	1	1	1	0.7754	1					
	22	22:30581722:C:T	0.1711	0.2191	1	1	1	1	0.7754	1					
	5	5:35903997:C:T	0.1712	0.2192	1	1	1	1	0.7754	1					
	16	16:28539848:C:T	0.1766	0.225	1	1	1	1	0.785	1					
	12	12:12659894:G:A	0.1815	0.2302	1	1	1	1	0.7874	1					
	16	16:75246035:G:C	0.1837	0.2325	1	1	1	1	0.7874	1					
	3	3:119279148:G:A	0.1889	0.2381	1	1	1	1	0.7885	1					
	13	13:75839022:T:G	0.1938	0.2432	1	1	1	1	0.7885	1					
	17	17:38076137:G:T	0.2021	0.2519	1	1	1	1	0.7885	1					
	7	7:26892325:G:A	0.2039	0.2538	1	1	1	1	0.7885	1					
	22	22:30422107:G:C	0.2045	0.2545	1	1	1	1	0.7885	1					
	8	8:11735226:G:A	0.2045	0.2546	1	1	1	1	0.7885	1					
	1	1:154437896:C:T	0.2072	0.2574	1	1	1	1	0.7885	1					
	2	2:204738919:G:A	0.2107	0.261	1	1	1	1	0.7885	1					
	12	12:6562285:C:T	0.2144	0.2649	1	1	1	1	0.7885	1					
	6	6:29850909:C:T	0.2168	0.2674	1	1	1	1	0.7885	1					
	20	20:39743905:G:A	0.2286	0.2796	1	1	1	1	0.8111	1					
	9	9:102585545:T:C	0.2328	0.2839	1	1	1	1	0.8111	1					
	6	6:32626037:G:T	0.2379	0.2891	1	1	1	1	0.8111	1					
	8	8:11735184:G:T	0.2424	0.2938	1	1	1	1	0.8111	1					
	11	11:71165625:A:G	0.244	0.2955	1	1	1	1	0.8111	1					
	6	6:33044956:T:C	0.2467	0.2982	1	1	1	1	0.8111	1					
	1	1:2507415:G:T	0.2484	0.2999	1	1	1	1	0.8111	1					
	12	12:9905851:A:C	0.2547	0.3064	1	1	1	1	0.8111	1					
	19	19:18518778:C:T	0.2617	0.3135	1	1	1	1	0.8111	1					
	15	15:79237293:C:T	0.2618	0.3136	1	1	1	1	0.8111	1					
	17	17:38066372:T:C	0.2653	0.3172	1	1	1	1	0.8111	1					
	19	19:47208481:T:C	0.2666	0.3184	1	1	1	1	0.8111	1					
	1	1:69965403:T:G	0.267	0.3189	1	1	1	1	0.8111	1					
	13	13:100081766:T:C	0.2734	0.3253	1	1	1	1	0.8201	1					
	11	11:64135298:A:C	0.2823	0.3343	1	1	1	1	0.8319	1					
	12	12:9910164:G:A	0.2842	0.3362	1	1	1	1	0.8319	1					
	12	12:111865049:G:C	0.29	0.342	1	1	1	1	0.8355	1					
	5	5:55442249:T:C	0.2925	0.3446	1	1	1	1	0.8355	1					
	2	2:61691440:C:T	0.2959	0.3479	1	1	1	1	0.8355	1					
	3	3:32457198:G:A	0.3012	0.3532	1	1	1	1	0.8356	1					
	4	4:40214554:G:A	0.3029	0.3549	1	1	1	1	0.8356	1					
	10	10:8102272:A:G	0.3094	0.3614	1	1	1	1	0.8371	1					
	12	12:112007756:T:C	0.3104	0.3624	1	1	1	1	0.8371	1					
	17	17:43392208:G:A	0.3268	0.3786	1	1	1	1	0.8601	1					
	18	18:12809340:A:G	0.3301	0.3818	1	1	1	1	0.8601	1					
	12	12:56474480:G:A	0.3308	0.3825	1	1	1	1	0.8601	1					
	21	21:45750346:C:A	0.3347	0.3864	1	1	1	1	0.8601	1					
	6	6:31324736:TG:T	0.338	0.3895	1	1	1	1	0.8601	1					
	16	16:86016091:G:A	0.3404	0.392	1	1	1	1	0.8601	1					
	1	1:2535092:ACT:A	0.3495	0.4008	1	1	1	1	0.8737	1					
	3	3:156697097:A:G	0.3556	0.4068	1	1	1	1	0.8798	1					
	1	1:214381305:G:A	0.3619	0.4129	1	1	1	1	0.886	1					
	16	16:11428643:C:G	0.3687	0.4195	1	1	1	1	0.886	1					
	6	6:32677440:G:A	0.3718	0.4226	1	1	1	1	0.886	1					
	20	20:1615544:C:T	0.3728	0.4236	1	1	1	1	0.886	1					
	16	16:28505660:G:C	0.3858	0.4361	1	1	1	1	0.8932	1					
	16	16:75247245:T:G	0.3878	0.4381	1	1	1	1	0.8932	1					
	15	15:38962756:G:T	0.4089	0.4583	1	1	1	1	0.8932	1					
	16	16:28508069:C:T	0.4181	0.4672	1	1	1	1	0.8932	1					
	21	21:43836186:G:A	0.4187	0.4677	1	1	1	1	0.8932	1					
	2	2:136928320:C:T	0.4254	0.4742	1	1	1	1	0.8932	1					
	1	1:156902281:T:G	0.4256	0.4743	1	1	1	1	0.8932	1					
	10	10:103894939:A:C	0.4277	0.4764	1	1	1	1	0.8932	1					
	14	14:98498951:A:G	0.4278	0.4765	1	1	1	1	0.8932	1					
	11	11:47225996:T:C	0.4301	0.4787	1	1	1	1	0.8932	1					
	12	12:49501398:C:T	0.4309	0.4793	1	1	1	1	0.8932	1					
	10	10:32740019:A:G	0.4321	0.4805	1	1	1	1	0.8932	1					
	10	10:33426147:C:T	0.4322	0.4806	1	1	1	1	0.8932	1					
	12	12:56482180:G:T	0.4351	0.4834	1	1	1	1	0.8932	1					
	16	16:11191400:G:A	0.4404	0.4885	1	1	1	1	0.8932	1					
	9	9:5418191:T:C	0.4416	0.4896	1	1	1	1	0.8932	1					
	13	13:100068267:T:C	0.4457	0.4935	1	1	1	1	0.8932	1					
	16	16:20343091:C:T	0.4478	0.4955	1	1	1	1	0.8932	1					
	22	22:37585736:C:T	0.4501	0.4976	1	1	1	1	0.8932	1					
	18	18:12818922:G:A	0.4545	0.5018	1	1	1	1	0.8932	1					
	22	22:37591318:A:G	0.4563	0.5035	1	1	1	1	0.8932	1					
	14	14:69258841:G:C	0.4593	0.5064	1	1	1	1	0.8932	1					
	14	14:69263599:C:T	0.4763	0.5224	1	1	1	1	0.8932	1					
	12	12:9095226:T:C	0.4805	0.5264	1	1	1	1	0.8932	1					
	6	6:159470242:T:G	0.4824	0.5282	1	1	1	1	0.8932	1					
	2	2:61184651:G:A	0.4846	0.5303	1	1	1	1	0.8932	1					
	2	2:111616304:T:C	0.4868	0.5324	1	1	1	1	0.8932	1					
	10	10:6122009:T:A	0.4907	0.536	1	1	1	1	0.8932	1					
	6	6:90976768:G:A	0.4929	0.5381	1	1	1	1	0.8932	1					
	20	20:1610551:C:T	0.4951	0.5402	1	1	1	1	0.8932	1					
	6	6:29939900:C:T	0.4952	0.5402	1	1	1	1	0.8932	1					
	10	10:6118770:C:T	0.4957	0.5407	1	1	1	1	0.8932	1					
	10	10:81043372:C:G	0.4987	0.5435	1	1	1	1	0.8932	1					
	16	16:30134656:C:T	0.5121	0.5561	1	1	1	1	0.9082	1					
	11	11:115905730:T:C	0.5183	0.5619	1	1	1	1	0.9082	1					
	9	9:4290823:A:T	0.5184	0.562	1	1	1	1	0.9082	1					
	21	21:43825722:G:C	0.5266	0.5696	1	1	1	1	0.9157	1					
	18	18:46457096:C:T	0.5373	0.5796	1	1	1	1	0.9166	1					
	12	12:53471218:C:A	0.5393	0.5815	1	1	1	1	0.9166	1					
	8	8:128197088:A:G	0.5442	0.586	1	1	1	1	0.9166	1					
	16	16:11179873:A:G	0.5457	0.5874	1	1	1	1	0.9166	1					
	1	1:200062389:G:A	0.5462	0.5879	1	1	1	1	0.9166	1					
	12	12:48208368:T:C	0.5524	0.5937	1	1	1	1	0.9207	1					
	6	6:31251924:C:T	0.5696	0.6096	1	1	1	1	0.9284	1					
	7	7:20596929:A:G	0.5718	0.6116	1	1	1	1	0.9284	1					
	19	19:10469975:A:C	0.5733	0.613	1	1	1	1	0.9284	1					
	16	16:11194771:C:T	0.5752	0.6148	1	1	1	1	0.9284	1					
	6	6:33047173:T:C	0.5774	0.6168	1	1	1	1	0.9284	1					
	9	9:4283137:T:G	0.5841	0.623	1	1	1	1	0.9284	1					
	4	4:123377980:A:C	0.5851	0.6239	1	1	1	1	0.9284	1					
	12	12:53585859:C:T	0.5935	0.6317	1	1	1	1	0.9284	1					
	11	11:35289043:C:T	0.5942	0.6324	1	1	1	1	0.9284	1					
	6	6:33071027:CTA:C	0.5957	0.6338	1	1	1	1	0.9284	1					
	21	21:45629121:A:T	0.607	0.6442	1	1	1	1	0.9341	1					
	14	14:93104072:T:C	0.6126	0.6493	1	1	1	1	0.9341	1					
	1	1:200832584:A:G	0.6211	0.6572	1	1	1	1	0.9341	1					
	18	18:67531642:T:C	0.6308	0.6661	1	1	1	1	0.9341	1					
	18	18:67526644:T:C	0.6322	0.6673	1	1	1	1	0.9341	1					
	15	15:79235446:T:C	0.6362	0.671	1	1	1	1	0.9341	1					
	6	6:424915:C:A	0.6482	0.682	1	1	1	1	0.9341	1					
	11	11:2182224:T:A	0.6488	0.6826	1	1	1	1	0.9341	1					
	17	17:3901502:T:G	0.6528	0.6863	1	1	1	1	0.9341	1					
	6	6:126664333:T:C	0.6549	0.6882	1	1	1	1	0.9341	1					
	22	22:30451486:T:C	0.6567	0.6898	1	1	1	1	0.9341	1					
	21	21:45624551:C:T	0.6586	0.6915	1	1	1	1	0.9341	1					
	5	5:40521705:G:T	0.6664	0.6987	1	1	1	1	0.9341	1					
	17	17:46034091:A:G	0.6691	0.7012	1	1	1	1	0.9341	1					
	14	14:69310512:C:T	0.6728	0.7046	1	1	1	1	0.9341	1					
	2	2:181974254:CAGAG:C	0.6736	0.7053	1	1	1	1	0.9341	1					
	20	20:1616206:G:A	0.6755	0.707	1	1	1	1	0.9341	1					
	1	1:92823698:G:C	0.6774	0.7087	1	1	1	1	0.9341	1					
	1	1:212969580:G:T	0.6792	0.7104	1	1	1	1	0.9341	1					
	2	2:60607007:T:G	0.6815	0.7125	1	1	1	1	0.9341	1					
	19	19:49206674:G:A	0.69	0.7203	1	1	1	1	0.9341	1					
	6	6:135719500:A:C	0.6944	0.7243	1	1	1	1	0.9341	1					
	1	1:200798900:G:C	0.6954	0.7251	1	1	1	1	0.9341	1					
	6	6:126698719:G:A	0.7009	0.7302	1	1	1	1	0.9341	1					
	1	1:206895361:G:T	0.701	0.7302	1	1	1	1	0.9341	1					
	6	6:90958231:C:G	0.7036	0.7326	1	1	1	1	0.9341	1					
	1	1:198623842:G:T	0.7048	0.7338	1	1	1	1	0.9341	1					
	16	16:68104422:T:C	0.7138	0.742	1	1	1	1	0.9341	1					
	9	9:5430341:C:T	0.7155	0.7434	1	1	1	1	0.9341	1					
	2	2:12652931:T:C	0.7169	0.7448	1	1	1	1	0.9341	1					
	12	12:56444632:C:T	0.72	0.7476	1	1	1	1	0.9341	1					
	8	8:59886312:A:T	0.7316	0.7581	1	1	1	1	0.9344	1					
	16	16:28591530:G:A	0.7384	0.7643	1	1	1	1	0.9344	1					
	17	17:7633692:C:T	0.7496	0.7744	1	1	1	1	0.9344	1					
	6	6:127412752:CA:C	0.7497	0.7746	1	1	1	1	0.9344	1					
	1	1:64109264:T:C	0.753	0.7775	1	1	1	1	0.9344	1					
	10	10:6130077:T:C	0.7536	0.7781	1	1	1	1	0.9344	1					
	2	2:43738173:C:T	0.7543	0.7787	1	1	1	1	0.9344	1					
	1	1:172715702:A:G	0.7548	0.7792	1	1	1	1	0.9344	1					
	19	19:47196079:T:C	0.7561	0.7803	1	1	1	1	0.9344	1					
	2	2:163110536:A:G	0.7615	0.7852	1	1	1	1	0.9344	1					
	8	8:11105077:T:C	0.7649	0.7883	1	1	1	1	0.9344	1					
	2	2:163124051:C:T	0.7707	0.7935	1	1	1	1	0.9344	1					
	14	14:101306447:T:C	0.7709	0.7937	1	1	1	1	0.9344	1					
	2	2:25097644:G:A	0.7803	0.8022	1	1	1	1	0.9391	1					
	18	18:67536496:C:T	0.7837	0.8053	1	1	1	1	0.9391	1					
	7	7:50473751:G:A	0.7865	0.8078	1	1	1	1	0.9391	1					
	12	12:96160856:C:T	0.791	0.8119	1	1	1	1	0.9398	1					
	1	1:151790858:G:A	0.8018	0.8216	1	1	1	1	0.9438	1					
	4	4:103506444:T:C	0.8045	0.8241	1	1	1	1	0.9438	1					
	15	15:38847022:C:T	0.8128	0.8316	1	1	1	1	0.9438	1					
	11	11:2181060:G:T	0.8139	0.8326	1	1	1	1	0.9438	1					
	4	4:38604470:G:A	0.8141	0.8327	1	1	1	1	0.9438	1					
	6	6:31407579:G:A	0.8271	0.8445	1	1	1	1	0.9461	1					
	14	14:88537408:C:T	0.8282	0.8455	1	1	1	1	0.9461	1					
	3	3:46384204:G:A	0.8322	0.8491	1	1	1	1	0.9461	1					
	1	1:192539337:A:G	0.8367	0.8532	1	1	1	1	0.9461	1					
	6	6:29914089:G:A	0.8378	0.8541	1	1	1	1	0.9461	1					
	2	2:191970120:G:C	0.8409	0.8569	1	1	1	1	0.9461	1					
	21	21:43841328:C:A	0.8509	0.866	1	1	1	1	0.9461	1					
	1	1:64108771:T:C	0.8589	0.8732	1	1	1	1	0.9461	1					
	6	6:138003605:T:C	0.8637	0.8775	1	1	1	1	0.9461	1					
	20	20:33754604:T:G	0.8642	0.878	1	1	1	1	0.9461	1					
	7	7:22770149:A:G	0.866	0.8795	1	1	1	1	0.9461	1					
	6	6:159465977:T:C	0.866	0.8796	1	1	1	1	0.9461	1					
	8	8:129074902:G:C	0.8681	0.8815	1	1	1	1	0.9461	1					
	11	11:2194810:C:T	0.8712	0.8842	1	1	1	1	0.9461	1					
	10	10:8108592:T:C	0.8769	0.8894	1	1	1	1	0.948	1					
	1	1:114377568:G:A	0.889	0.9003	1	1	1	1	0.9519	1					
	1	1:120437884:A:G	0.8906	0.9017	1	1	1	1	0.9519	1					
	14	14:68753593:T:C	0.8924	0.9033	1	1	1	1	0.9519	1					
	10	10:6618822:C:T	0.9087	0.918	1	1	1	1	0.965	1					
	2	2:61222143:A:T	0.9188	0.9271	1	1	1	1	0.9715	1					
	5	5:35888203:G:A	0.9235	0.9313	1	1	1	1	0.9721	1					
	17	17:38779942:G:A	0.9299	0.937	1	1	1	1	0.9725	1					
	6	6:29836602:C:T	0.9327	0.9396	1	1	1	1	0.9725	1					
	1	1:117280696:T:C	0.9489	0.9541	1	1	1	1	0.9725	1					
	17	17:44073889:A:G	0.9493	0.9545	1	1	1	1	0.9725	1					
	4	4:967331:A:C	0.9511	0.9561	1	1	1	1	0.9725	1					
	17	17:44081064:A:G	0.9536	0.9583	1	1	1	1	0.9725	1					
	10	10:6390450:A:G	0.9574	0.9618	1	1	1	1	0.9725	1					
	15	15:38902476:A:C	0.959	0.9632	1	1	1	1	0.9725	1					
	14	14:88544546:C:T	0.9617	0.9656	1	1	1	1	0.9725	1					
	11	11:35314455:T:C	0.9715	0.9744	1	1	1	1	0.9725	1					
	7	7:50473763:A:T	0.9717	0.9745	1	1	1	1	0.9725	1					
	6	6:128270067:C:T	0.9725	0.9753	1	1	1	1	0.9725	1					
