linked	Tags	CHR	SNP	UNADJ	GC	BONF	HOLM	SIDAK_SS	SIDAK_SD	FDR_BH	FDR_BY	BETA			
DR7 protective	DQA1*02:01-DQB1*02:02	6	6:32626037:G:T	3.81E-10	3.81E-10	9.14E-08	9.14E-08	9.14E-08	9.14E-08	9.14E-08	5.54E-07	0.0004651	"in CD8 pLN, opposite beta"		nominal p significant
	DQA1*03:0X-DQB1*03:02	6	6:32673385:C:G	8.21E-08	8.21E-08	1.97E-05	1.96E-05	1.97E-05	1.96E-05	9.85E-06	5.97E-05	-0.0002861	"in CD8 pLN, opposite beta"		N.S.
	DR4	6	6:32681483:T:C	1.38E-07	1.38E-07	3.31E-05	3.28E-05	3.31E-05	3.28E-05	1.10E-05	6.69E-05	-0.000281	"in CD8 pLN, opposite beta"		N.S.
		6	6:31251924:C:T	0.003084	0.003084	0.7401	0.7309	0.5235	0.5191	0.185	1				
		6	6:32626484:T:C	0.004957	0.004957	1	1	0.6966	0.6905	0.238	1				
		6	6:32605884:C:T	0.007433	0.007433	1	1	0.8331	0.8268	0.2973	1				
		6	6:29850909:C:T	0.01219	0.01219	1	1	0.9474	0.9433	0.3682	1				
		6	6:33071027:CTA:C	0.01227	0.01227	1	1	0.9484	0.9437	0.3682	1				
		6	6:31407579:G:A	0.01943	0.01943	1	1	0.991	0.9894	0.406	1				
		12	12:56482180:G:T	0.02014	0.02014	1	1	0.9924	0.9909	0.406	1				
		22	22:37591318:A:G	0.02368	0.02368	1	1	0.9968	0.996	0.406	1				
		12	12:9095226:T:C	0.0248	0.0248	1	1	0.9976	0.9968	0.406	1				
		22	22:37585736:C:T	0.026	0.026	1	1	0.9982	0.9975	0.406	1				
		10	10:6618822:C:T	0.02642	0.02642	1	1	0.9984	0.9977	0.406	1				
		2	2:136928320:C:T	0.02643	0.02643	1	1	0.9984	0.9977	0.406	1				
		11	11:61595564:C:T	0.02835	0.02835	1	1	0.999	0.9985	0.406	1				
		14	14:69263599:C:T	0.03018	0.03018	1	1	0.9994	0.999	0.406	1				
		6	6:32413545:A:G	0.03045	0.03045	1	1	0.9994	0.999	0.406	1				
		6	6:32677440:G:A	0.03215	0.03215	1	1	0.9996	0.9993	0.4062	1				
		14	14:69310512:C:T	0.03542	0.03542	1	1	0.9998	0.9997	0.425	1				
		19	19:10469975:A:C	0.03767	0.03767	1	1	0.9999	0.9998	0.4305	1				
		10	10:6097283:T:C	0.04204	0.04204	1	1	1	0.9999	0.4587	1				
		4	4:123329362:G:A	0.04787	0.04787	1	1	1	1	0.4756	1				
		13	13:42917931:C:T	0.04902	0.04902	1	1	1	1	0.4756	1				
		12	12:56474480:G:A	0.04954	0.04954	1	1	1	1	0.4756	1				
		6	6:32447188:T:A	0.05186	0.05186	1	1	1	1	0.4787	1				
		4	4:123377980:A:C	0.05762	0.05762	1	1	1	1	0.5036	1				
		6	6:32603212:T:C	0.06103	0.06103	1	1	1	1	0.5036	1				
		6	6:32583820:G:T	0.06237	0.06237	1	1	1	1	0.5036	1				
		11	11:128604174:C:T	0.0642	0.0642	1	1	1	1	0.5036	1				
		2	2:60607007:T:G	0.06854	0.06854	1	1	1	1	0.5036	1				
		4	4:123243594:ATC:A	0.06862	0.06862	1	1	1	1	0.5036	1				
		1	1:151790858:G:A	0.06964	0.06964	1	1	1	1	0.5036	1				
		14	14:69258841:G:C	0.07142	0.07142	1	1	1	1	0.5036	1				
		4	4:103506444:T:C	0.07344	0.07344	1	1	1	1	0.5036	1				
		3	3:184102396:C:T	0.07821	0.07821	1	1	1	1	0.5214	1				
		18	18:12809340:A:G	0.08642	0.08642	1	1	1	1	0.5394	1				
		10	10:6094697:C:T	0.08754	0.08754	1	1	1	1	0.5394	1				
		6	6:32583468:T:C	0.08821	0.08821	1	1	1	1	0.5394	1				
		1	1:154437896:C:T	0.0899	0.0899	1	1	1	1	0.5394	1				
		19	19:18518778:C:T	0.09789	0.09789	1	1	1	1	0.5501	1				
		17	17:38066372:T:C	0.09826	0.09826	1	1	1	1	0.5501	1				
		6	6:32622047:C:T	0.09857	0.09857	1	1	1	1	0.5501	1				
		17	17:38076137:G:T	0.1094	0.1094	1	1	1	1	0.5969	1				
		10	10:33426147:C:T	0.1217	0.1217	1	1	1	1	0.644	1				
		12	12:48208368:T:C	0.1234	0.1234	1	1	1	1	0.644	1				
		2	2:191953864:G:A	0.127	0.127	1	1	1	1	0.6488	1				
		11	11:35289043:C:T	0.1335	0.1335	1	1	1	1	0.6548	1				
		8	8:11105077:T:C	0.1347	0.1347	1	1	1	1	0.6548	1				
		1	1:192539337:A:G	0.1364	0.1364	1	1	1	1	0.6548	1				
		12	12:56444632:C:T	0.1394	0.1394	1	1	1	1	0.6558	1				
		22	22:30504652:G:A	0.1433	0.1433	1	1	1	1	0.6613	1				
		4	4:166574267:G:A	0.1487	0.1487	1	1	1	1	0.6731	1				
		22	22:30581722:C:T	0.1572	0.1572	1	1	1	1	0.6945	1				
		11	11:128604232:G:T	0.1596	0.1596	1	1	1	1	0.6945	1				
		2	2:242407746:A:G	0.1638	0.1638	1	1	1	1	0.6945	1				
		6	6:33047173:T:C	0.1649	0.1649	1	1	1	1	0.6945	1				
		17	17:38779942:G:A	0.1698	0.1698	1	1	1	1	0.7027	1				
		10	10:90051317:A:G	0.1781	0.1781	1	1	1	1	0.7229	1				
		10	10:90047350:T:G	0.1807	0.1807	1	1	1	1	0.7229	1				
		11	11:115905730:T:C	0.1907	0.1907	1	1	1	1	0.7231	1				
		1	1:214381305:G:A	0.1914	0.1914	1	1	1	1	0.7231	1				
		16	16:75247245:T:G	0.1955	0.1955	1	1	1	1	0.7231	1				
		1	1:160937367:C:A	0.1956	0.1956	1	1	1	1	0.7231	1				
		2	2:43738173:C:T	0.1961	0.1961	1	1	1	1	0.7231	1				
		3	3:32457198:G:A	0.1988	0.1988	1	1	1	1	0.7231	1				
		22	22:30422107:G:C	0.2095	0.2095	1	1	1	1	0.7421	1				
		9	9:102585545:T:C	0.2103	0.2103	1	1	1	1	0.7421	1				
		11	11:35314455:T:C	0.2179	0.2179	1	1	1	1	0.758	1				
		8	8:128197088:A:G	0.228	0.228	1	1	1	1	0.773	1				
		15	15:38962756:G:T	0.23	0.23	1	1	1	1	0.773	1				
		3	3:108098637:C:T	0.2319	0.2319	1	1	1	1	0.773	1				
		1	1:69965403:T:G	0.2501	0.2501	1	1	1	1	0.8174	1				
		13	13:100081766:T:C	0.252	0.252	1	1	1	1	0.8174	1				
		6	6:159470242:T:G	0.2602	0.2602	1	1	1	1	0.8251	1				
		10	10:90023033:T:C	0.2714	0.2714	1	1	1	1	0.8251	1				
		5	5:35898259:G:A	0.278	0.278	1	1	1	1	0.8251	1				
		12	12:111865049:G:C	0.2792	0.2792	1	1	1	1	0.8251	1				
		1	1:206895361:G:T	0.2796	0.2796	1	1	1	1	0.8251	1				
		18	18:67526644:T:C	0.2831	0.2831	1	1	1	1	0.8251	1				
		10	10:81043372:C:G	0.2834	0.2834	1	1	1	1	0.8251	1				
		16	16:11179873:A:G	0.2879	0.2879	1	1	1	1	0.8251	1				
		1	1:2507415:G:T	0.2902	0.2902	1	1	1	1	0.8251	1				
		13	13:100064165:A:G	0.2913	0.2913	1	1	1	1	0.8251	1				
		2	2:111616304:T:C	0.2922	0.2922	1	1	1	1	0.8251	1				
		18	18:67531642:T:C	0.3022	0.3022	1	1	1	1	0.8414	1				
		12	12:112007756:T:C	0.305	0.305	1	1	1	1	0.8414	1				
		12	12:49501398:C:T	0.3115	0.3115	1	1	1	1	0.8495	1				
		8	8:119923873:A:G	0.3174	0.3174	1	1	1	1	0.8548	1				
		5	5:35903997:C:T	0.3206	0.3206	1	1	1	1	0.8548	1				
		11	11:47225996:T:C	0.3244	0.3244	1	1	1	1	0.8554	1				
		2	2:100763900:G:T	0.3369	0.3369	1	1	1	1	0.8635	1				
		3	3:119279148:G:A	0.3396	0.3396	1	1	1	1	0.8635	1				
		6	6:127412752:CA:C	0.3454	0.3454	1	1	1	1	0.8635	1				
		16	16:75246035:G:C	0.3468	0.3468	1	1	1	1	0.8635	1				
		18	18:67536496:C:T	0.3472	0.3472	1	1	1	1	0.8635	1				
		14	14:101306447:T:C	0.349	0.349	1	1	1	1	0.8635	1				
		18	18:46457096:C:T	0.3756	0.3756	1	1	1	1	0.9198	1				
		17	17:46034091:A:G	0.3888	0.3888	1	1	1	1	0.9338	1				
		13	13:75839022:T:G	0.3923	0.3923	1	1	1	1	0.9338	1				
		21	21:45750346:C:A	0.3945	0.3945	1	1	1	1	0.9338	1				
		11	11:2182224:T:A	0.4101	0.4101	1	1	1	1	0.9338	1				
		6	6:424915:C:A	0.4123	0.4123	1	1	1	1	0.9338	1				
		12	12:9910164:G:A	0.4157	0.4157	1	1	1	1	0.9338	1				
		9	9:4290823:A:T	0.4178	0.4178	1	1	1	1	0.9338	1				
		12	12:9885999:G:A	0.4233	0.4233	1	1	1	1	0.9338	1				
		19	19:47208481:T:C	0.4299	0.4299	1	1	1	1	0.9338	1				
		20	20:1610551:C:T	0.4302	0.4302	1	1	1	1	0.9338	1				
		6	6:135719500:A:C	0.4322	0.4322	1	1	1	1	0.9338	1				
		2	2:204753106:CT:C	0.4327	0.4327	1	1	1	1	0.9338	1				
		1	1:212969580:G:T	0.4348	0.4348	1	1	1	1	0.9338	1				
		11	11:2181060:G:T	0.4358	0.4358	1	1	1	1	0.9338	1				
		2	2:191970120:G:C	0.4474	0.4474	1	1	1	1	0.9389	1				
		3	3:156697097:A:G	0.451	0.451	1	1	1	1	0.9389	1				
		7	7:50473751:G:A	0.4546	0.4546	1	1	1	1	0.9389	1				
		7	7:28142186:T:G	0.4556	0.4556	1	1	1	1	0.9389	1				
		16	16:28591530:G:A	0.4577	0.4577	1	1	1	1	0.9389	1				
		17	17:7633692:C:T	0.4828	0.4828	1	1	1	1	0.9523	1				
		13	13:100068267:T:C	0.5	0.5	1	1	1	1	0.9523	1				
		22	22:30451486:T:C	0.5063	0.5063	1	1	1	1	0.9523	1				
		10	10:8108592:T:C	0.5072	0.5072	1	1	1	1	0.9523	1				
		18	18:12818922:G:A	0.5074	0.5074	1	1	1	1	0.9523	1				
		12	12:9905851:A:C	0.5162	0.5162	1	1	1	1	0.9523	1				
		1	1:200798900:G:C	0.522	0.522	1	1	1	1	0.9523	1				
		8	8:129074902:G:C	0.526	0.526	1	1	1	1	0.9523	1				
		6	6:90976768:G:A	0.5309	0.5309	1	1	1	1	0.9523	1				
		16	16:88989510:C:T	0.533	0.533	1	1	1	1	0.9523	1				
		6	6:35360177:T:C	0.5416	0.5416	1	1	1	1	0.9523	1				
		10	10:6118770:C:T	0.5424	0.5424	1	1	1	1	0.9523	1				
		8	8:59886312:A:T	0.5535	0.5535	1	1	1	1	0.9523	1				
		17	17:44081064:A:G	0.5558	0.5558	1	1	1	1	0.9523	1				
		1	1:114377568:G:A	0.5606	0.5606	1	1	1	1	0.9523	1				
		21	21:45629121:A:T	0.5672	0.5672	1	1	1	1	0.9523	1				
		20	20:39743905:G:A	0.5709	0.5709	1	1	1	1	0.9523	1				
		14	14:98498951:A:G	0.5721	0.5721	1	1	1	1	0.9523	1				
		16	16:11428643:C:G	0.5771	0.5771	1	1	1	1	0.9523	1				
		1	1:172715702:A:G	0.5774	0.5774	1	1	1	1	0.9523	1				
		14	14:93104072:T:C	0.5808	0.5808	1	1	1	1	0.9523	1				
		10	10:6122009:T:A	0.581	0.581	1	1	1	1	0.9523	1				
		16	16:30134656:C:T	0.5822	0.5822	1	1	1	1	0.9523	1				
		13	13:100076445:C:T	0.5847	0.5847	1	1	1	1	0.9523	1				
		20	20:1615544:C:T	0.587	0.587	1	1	1	1	0.9523	1				
		10	10:103894939:A:C	0.587	0.587	1	1	1	1	0.9523	1				
		10	10:32740019:A:G	0.5878	0.5878	1	1	1	1	0.9523	1				
		11	11:64135298:A:C	0.5926	0.5926	1	1	1	1	0.9523	1				
		1	1:200832584:A:G	0.5947	0.5947	1	1	1	1	0.9523	1				
		1	1:200062389:G:A	0.5973	0.5973	1	1	1	1	0.9523	1				
		7	7:22770149:A:G	0.5973	0.5973	1	1	1	1	0.9523	1				
		16	16:11191400:G:A	0.6016	0.6016	1	1	1	1	0.9523	1				
		17	17:43392208:G:A	0.6038	0.6038	1	1	1	1	0.9523	1				
		12	12:96160856:C:T	0.6073	0.6073	1	1	1	1	0.9523	1				
		2	2:25097644:G:A	0.6139	0.6139	1	1	1	1	0.9523	1				
		6	6:90958231:C:G	0.618	0.618	1	1	1	1	0.9523	1				
		19	19:47196079:T:C	0.6206	0.6206	1	1	1	1	0.9523	1				
		1	1:117280696:T:C	0.6209	0.6209	1	1	1	1	0.9523	1				
		15	15:79237293:C:T	0.6258	0.6258	1	1	1	1	0.9523	1				
		10	10:6130077:T:C	0.6277	0.6277	1	1	1	1	0.9523	1				
		16	16:30514762:CT:C	0.6413	0.6413	1	1	1	1	0.9523	1				
		2	2:204738919:G:A	0.6493	0.6493	1	1	1	1	0.9523	1				
		2	2:61222143:A:T	0.65	0.65	1	1	1	1	0.9523	1				
		9	9:5418191:T:C	0.6525	0.6525	1	1	1	1	0.9523	1				
		2	2:12652931:T:C	0.6539	0.6539	1	1	1	1	0.9523	1				
		21	21:45624551:C:T	0.6575	0.6575	1	1	1	1	0.9523	1				
		4	4:967331:A:C	0.6649	0.6649	1	1	1	1	0.9523	1				
		1	1:156902281:T:G	0.6657	0.6657	1	1	1	1	0.9523	1				
		6	6:33044956:T:C	0.6672	0.6672	1	1	1	1	0.9523	1				
		7	7:50473763:A:T	0.6701	0.6701	1	1	1	1	0.9523	1				
		16	16:50355996:G:A	0.6748	0.6748	1	1	1	1	0.9523	1				
		15	15:38902476:A:C	0.6753	0.6753	1	1	1	1	0.9523	1				
		15	15:38847022:C:T	0.6757	0.6757	1	1	1	1	0.9523	1				
		2	2:181974254:CAGAG:C	0.6833	0.6833	1	1	1	1	0.9523	1				
		21	21:43841328:C:A	0.6886	0.6886	1	1	1	1	0.9523	1				
		17	17:44073889:A:G	0.6896	0.6896	1	1	1	1	0.9523	1				
		2	2:61184651:G:A	0.6904	0.6904	1	1	1	1	0.9523	1				
		11	11:2194810:C:T	0.7063	0.7063	1	1	1	1	0.9687	1				
		12	12:53585859:C:T	0.7147	0.7147	1	1	1	1	0.9745	1				
		1	1:64109264:T:C	0.7215	0.7215	1	1	1	1	0.9783	1				
		8	8:11735226:G:A	0.7318	0.7318	1	1	1	1	0.9845	1				
		16	16:28505660:G:C	0.7343	0.7343	1	1	1	1	0.9845	1				
		9	9:4283137:T:G	0.7434	0.7434	1	1	1	1	0.9867	1				
		12	12:6562285:C:T	0.7464	0.7464	1	1	1	1	0.9867	1				
		5	5:35888203:G:A	0.7517	0.7517	1	1	1	1	0.9867	1				
		5	5:40521705:G:T	0.7612	0.7612	1	1	1	1	0.9867	1				
		21	21:43836186:G:A	0.7684	0.7684	1	1	1	1	0.9867	1				
		6	6:138003605:T:C	0.7693	0.7693	1	1	1	1	0.9867	1				
		16	16:68104422:T:C	0.7709	0.7709	1	1	1	1	0.9867	1				
		9	9:5430341:C:T	0.7787	0.7787	1	1	1	1	0.9867	1				
		5	5:55442249:T:C	0.7955	0.7955	1	1	1	1	0.9867	1				
		1	1:2535092:ACT:A	0.802	0.802	1	1	1	1	0.9867	1				
		14	14:68753593:T:C	0.8043	0.8043	1	1	1	1	0.9867	1				
		17	17:3901502:T:G	0.8056	0.8056	1	1	1	1	0.9867	1				
		14	14:88544546:C:T	0.8091	0.8091	1	1	1	1	0.9867	1				
		6	6:29914089:G:A	0.8107	0.8107	1	1	1	1	0.9867	1				
		20	20:1616206:G:A	0.8133	0.8133	1	1	1	1	0.9867	1				
		1	1:198623842:G:T	0.8183	0.8183	1	1	1	1	0.9867	1				
		1	1:64108771:T:C	0.8223	0.8223	1	1	1	1	0.9867	1				
		12	12:53471218:C:A	0.8247	0.8247	1	1	1	1	0.9867	1				
		16	16:28539848:C:T	0.8301	0.8301	1	1	1	1	0.9867	1				
		6	6:31324736:TG:T	0.844	0.844	1	1	1	1	0.9867	1				
		6	6:126664333:T:C	0.8491	0.8491	1	1	1	1	0.9867	1				
		6	6:29836602:C:T	0.8534	0.8534	1	1	1	1	0.9867	1				
		10	10:6390450:A:G	0.8554	0.8554	1	1	1	1	0.9867	1				
		11	11:71165625:A:G	0.8556	0.8556	1	1	1	1	0.9867	1				
		9	9:5410286:G:A	0.8574	0.8574	1	1	1	1	0.9867	1				
		4	4:26085480:A:G	0.8592	0.8592	1	1	1	1	0.9867	1				
		15	15:79235446:T:C	0.8607	0.8607	1	1	1	1	0.9867	1				
		2	2:163110536:A:G	0.8611	0.8611	1	1	1	1	0.9867	1				
		8	8:11735184:G:T	0.8624	0.8624	1	1	1	1	0.9867	1				
		12	12:12659894:G:A	0.8636	0.8636	1	1	1	1	0.9867	1				
		16	16:28508069:C:T	0.8666	0.8666	1	1	1	1	0.9867	1				
		16	16:20343091:C:T	0.8702	0.8702	1	1	1	1	0.9867	1				
		7	7:20596929:A:G	0.8921	0.8921	1	1	1	1	0.9867	1				
		16	16:86016091:G:A	0.8937	0.8937	1	1	1	1	0.9867	1				
		1	1:206942413:C:T	0.9062	0.9062	1	1	1	1	0.9867	1				
		1	1:206943968:C:A	0.9062	0.9062	1	1	1	1	0.9867	1				
		3	3:46384204:G:A	0.9067	0.9067	1	1	1	1	0.9867	1				
		6	6:128270067:C:T	0.9098	0.9098	1	1	1	1	0.9867	1				
		1	1:92823698:G:C	0.9099	0.9099	1	1	1	1	0.9867	1				
		4	4:38604470:G:A	0.9138	0.9138	1	1	1	1	0.9867	1				
		9	9:123666777:C:G	0.9171	0.9171	1	1	1	1	0.9867	1				
		19	19:49206674:G:A	0.9196	0.9196	1	1	1	1	0.9867	1				
		6	6:126698719:G:A	0.9201	0.9201	1	1	1	1	0.9867	1				
		10	10:8102272:A:G	0.9208	0.9208	1	1	1	1	0.9867	1				
		8	8:56847170:G:A	0.9209	0.9209	1	1	1	1	0.9867	1				
		16	16:11194771:C:T	0.9308	0.9308	1	1	1	1	0.9915	1				
		4	4:40214554:G:A	0.9337	0.9337	1	1	1	1	0.9915	1				
		6	6:159465977:T:C	0.9414	0.9414	1	1	1	1	0.9937	1				
		1	1:173216373:A:G	0.9446	0.9446	1	1	1	1	0.9937	1				
		1	1:120437884:A:G	0.9487	0.9487	1	1	1	1	0.9937	1				
		2	2:61691440:C:T	0.9598	0.9598	1	1	1	1	0.9937	1				
		1	1:197812165:C:T	0.9619	0.9619	1	1	1	1	0.9937	1				
		4	4:26114046:A:G	0.9646	0.9646	1	1	1	1	0.9937	1				
		14	14:88537408:C:T	0.9687	0.9687	1	1	1	1	0.9937	1				
		20	20:33754604:T:G	0.9689	0.9689	1	1	1	1	0.9937	1				
		7	7:26892325:G:A	0.9751	0.9751	1	1	1	1	0.9957	1				
		6	6:29939900:C:T	0.9837	0.9837	1	1	1	1	0.9957	1				
		12	12:56428244:G:A	0.9883	0.9883	1	1	1	1	0.9957	1				
		1	1:206939904:G:A	0.9902	0.9902	1	1	1	1	0.9957	1				
		21	21:43825722:G:C	0.9918	0.9918	1	1	1	1	0.9957	1				
		2	2:163124051:C:T	0.9957	0.9957	1	1	1	1	0.9957	1				
