filename,risk_sum
Brusko_10168_TCRB.tsv,-0.07909187527448387
Brusko_10169_TCRB.tsv,-0.09518507135016474
Brusko_10172_TCRB.tsv,-0.12494518546272022
Brusko_10176_TCRB.tsv,-0.12449332542272355
Brusko_10178_TCRB.tsv,-0.1200107023411369
Brusko_10180_TCRB.tsv,-0.11715903307888036
Brusko_10183_TCRB.tsv,-0.12135848366650458
Brusko_10226_TCRB.tsv,-0.1369643558636627
Brusko_10230_TCRB.tsv,-0.10218027143330008
Brusko_10232_TCRB.tsv,-0.08427540296582837
Brusko_10233_TCRB.tsv,-0.14209417040358704
Brusko_10234_TCRB.tsv,-0.08781452728670266
Brusko_10237_TCRB.tsv,-0.09056284741917207
Brusko_10241_TCRB.tsv,-0.10033273894436495
Brusko_10254_TCRB.tsv,-0.12150493885230466
Brusko_10258_TCRB.tsv,-0.1338928156949437
Brusko_10266_TCRB.tsv,-0.1014355328972681
Brusko_10269_TCRB.tsv,-0.1280973011363637
Brusko_10273_TCRB.tsv,-0.1103212343415828
Brusko_10276_TCRB.tsv,-0.137957476359338
Brusko_10279_TCRB.tsv,-0.10727431141090497
Brusko_10282_TCRB.tsv,-0.09673980662415148
Brusko_10283_TCRB.tsv,-0.08601555695803093
Brusko_10286_TCRB.tsv,-0.11614978853383454
Brusko_10328_TCRB.tsv,-0.13382893533638118
Brusko_10336_TCRB.tsv,-0.11888137964302917
Brusko_10338_TCRB.tsv,-0.12634032014497135
Brusko_10342_TCRB.tsv,-0.098645719055569
Brusko_10343_TCRB.tsv,-0.10974839199797398
Brusko_10346_TCRB.tsv,-0.1241750261780105
Brusko_10348_TCRB.tsv,-0.12162780767850721
Brusko_10362_TCRB.tsv,-0.11146561876247497
Brusko_10366_TCRB.tsv,-0.12155449482895793
Brusko_10371_TCRB.tsv,-0.09890816572807695
Brusko_10375_TCRB.tsv,-0.10492839582052843
Brusko_10382_TCRB.tsv,-0.0972296974319858
Brusko_10392_TCRB.tsv,-0.06774020579268296
Brusko_10395_TCRB.tsv,-0.09403904582548643
Brusko_10397_TCRB.tsv,-0.0823622871046229
Brusko_10399_TCRB.tsv,-0.1356898158482142
Brusko_10404_TCRB.tsv,-0.10680253839590426
Brusko_10467_TCRB.tsv,-0.10058251685393269
Brusko_10469_TCRB.tsv,-0.12883311833291983
Brusko_10470_TCRB.tsv,-0.12356511753580089
Brusko_10474_TCRB.tsv,-0.11718226327944574
Brusko_10479_TCRB.tsv,-0.12246926020408153
Brusko_10480_TCRB.tsv,-0.11785560117302063
Brusko_10482_TCRB.tsv,-0.12282769189042597
Brusko_10487_TCRB.tsv,-0.08442729044834317
Brusko_10489_TCRB.tsv,-0.13058936090225606
Brusko_10492_TCRB.tsv,-0.12828423942888556
Brusko_10497_TCRB.tsv,-0.12837341544007239
Brusko_10501_TCRB.tsv,-0.11535754263226915
Brusko_10503_TCRB.tsv,-0.09889643407440016
Brusko_10510_TCRB.tsv,-0.07606941470378309
Brusko_10574_TCRB.tsv,-0.11330228986316666
Brusko_10580_TCRB.tsv,-0.11479219717612127
Brusko_10623_TCRB.tsv,-0.09806054022313562
Brusko_10633_TCRB.tsv,-0.09554962368289006
Brusko_10643_TCRB.tsv,-0.0939287153652392
Brusko_10673_TCRB.tsv,-0.11496541743970318
Brusko_10678_TCRB.tsv,-0.07428278388278389
Brusko_10681_TCRB.tsv,-0.10543216676810713
Brusko_11203_TCRB.tsv,-0.1040274766826317
Brusko_11217_TCRB.tsv,-0.10593071616294367
Brusko_11223_TCRB.tsv,-0.09026612336209666
Brusko_11242_TCRB.tsv,-0.10481618901772065
Brusko_11246_TCRB.tsv,-0.11722992606878836
Brusko_11247_TCRB.tsv,-0.0999917525773196
Brusko_11267_TCRB.tsv,-0.1032097131931167
Brusko_11289_TCRB.tsv,-0.10604862338974463
Brusko_11293_TCRB.tsv,-0.08868638528138534
Brusko_11347_TCRB.tsv,-0.1223630535360209
Brusko_11377_TCRB.tsv,-0.11999386949924144
Brusko_11398_TCRB.tsv,-0.1277867658574788
Brusko_11411_TCRB.tsv,-0.09464934792734055
Brusko_11423_TCRB.tsv,-0.10067686989314902
Brusko_11435_TCRB.tsv,-0.0915610900473935
Brusko_11438_TCRB.tsv,-0.0959439070951318
Brusko_11474_TCRB.tsv,-0.10699140425531922
Brusko_11509_TCRB.tsv,-0.12179679089026892
Brusko_11521_TCRB.tsv,-0.10274137834036577
Brusko_11540_TCRB.tsv,-0.08379025718608162
Brusko_11541_TCRB.tsv,-0.08839326704545461
Brusko_11544_TCRB.tsv,-0.11252602486114814
Brusko_11564_TCRB.tsv,-0.09730267759562831
Brusko_11566_TCRB.tsv,-0.10637033603707989
Brusko_11567_TCRB.tsv,-0.09417664783427523
Brusko_11569_TCRB.tsv,-0.10321610677864428
Brusko_11571_TCRB.tsv,-0.11186687768482957
Brusko_11751_TCRB.tsv,-0.1029816826411076
Brusko_11815_TCRB.tsv,-0.09212175179979457
Brusko_11817_TCRB.tsv,-0.11633086338074729
Brusko_11825_TCRB.tsv,-0.11469569454287719
Brusko_11849_TCRB.tsv,-0.10936058760300987
Brusko_11853_TCRB.tsv,-0.09322403433476394
Brusko_11895_TCRB.tsv,-0.12718793215916516
Brusko_11917_TCRB.tsv,-0.11697954926876057
Brusko_11936_TCRB.tsv,-0.10923490513392864
Brusko_11938_TCRB.tsv,-0.08512957382694779
Brusko_11945_TCRB.tsv,-0.16100829899941208
Brusko_11994_TCRB.tsv,-0.09202851587815952
Brusko_12064_TCRB.tsv,-0.10849309559939295
Brusko_12068_TCRB.tsv,-0.10117315978456035
Brusko_12080_TCRB.tsv,-0.09551041666666667
Brusko_12101_TCRB.tsv,-0.11449783445620812
Brusko_12117_TCRB.tsv,-0.08198708775852451
Brusko_12119_TCRB.tsv,-0.09265036544850547
Brusko_12126_TCRB.tsv,-0.09320469783855356
Brusko_12147_TCRB.tsv,-0.12258201456310673
Brusko_12149_TCRB.tsv,-0.08102972027972019
Brusko_12151_TCRB.tsv,-0.09099053669222312
Brusko_12181_TCRB.tsv,-0.11992531077348087
Brusko_12217_TCRB.tsv,-0.0908656725502128
Brusko_12218_TCRB.tsv,-0.10385977477477491
Brusko_12222_TCRB.tsv,-0.13271147345870027
Brusko_12230_TCRB.tsv,-0.11541886710239684
Brusko_12231_TCRB.tsv,-0.1222602038452633
Brusko_12234_TCRB.tsv,-0.10377468148549768
Brusko_12236_TCRB.tsv,-0.10734516252390063
Brusko_12333_TCRB.tsv,-0.09166348010360262
Brusko_12377_TCRB.tsv,-0.11685134089024048
Brusko_12415_TCRB.tsv,-0.08910308452624412
Brusko_12417_TCRB.tsv,-0.09446200674201881
Brusko_12419_TCRB.tsv,-0.0948160204516403
Brusko_12422_TCRB.tsv,-0.11085066666666661
Brusko_12425_TCRB.tsv,-0.116153089960887
Brusko_12426_TCRB.tsv,-0.07931917012448149
Brusko_12439_TCRB.tsv,-0.10616579029733952
Brusko_12443_TCRB.tsv,-0.10027196955280679
Brusko_12450_TCRB.tsv,-0.09248175753393158
Brusko_12463_TCRB.tsv,-0.0851534595162987
Brusko_12465_TCRB.tsv,-0.11043234740521644
Brusko_12468_TCRB.tsv,-0.09419655919804953
Brusko_12471_TCRB.tsv,-0.09637541899441317
Brusko_12527_TCRB.tsv,-0.08777186405045562
Brusko_12618_TCRB.tsv,-0.09951041284403689
Brusko_12718_TCRB.tsv,-0.09767669674382098
Brusko_12720_TCRB.tsv,-0.11635729255774183
Brusko_12722_TCRB.tsv,-0.09905681615681612
Brusko_12725_TCRB.tsv,-0.07730685373727351
Brusko_12728_TCRB.tsv,-0.13152692176289724
Brusko_12729_TCRB.tsv,-0.10644608131997639
Brusko_12730_TCRB.tsv,-0.09638209892698245
Brusko_12743_TCRB.tsv,-0.10263520864381509
Brusko_12760_TCRB.tsv,-0.09772039137833238
Brusko_12763_TCRB.tsv,-0.10133861561866145
Brusko_13022_TCRB.tsv,-0.12238786266924599
Brusko_13047_TCRB.tsv,-0.10548402883156291
Brusko_13053_TCRB.tsv,-0.11637974779319062
Brusko_1306_TCRB.tsv,-0.11920349368449373
Brusko_1307_TCRB.tsv,-0.09660510894064643
Brusko_1308_TCRB.tsv,-0.09396752587781619
Brusko_13182_TCRB.tsv,-0.11128189110354904
Brusko_13187_TCRB.tsv,-0.11106308034473182
Brusko_13203_TCRB.tsv,-0.12325958485958494
Brusko_13208_TCRB.tsv,-0.12624802592810822
Brusko_13234_TCRB.tsv,-0.12320349475786327
Brusko_13247_TCRB.tsv,-0.12672593428643075
Brusko_13249_TCRB.tsv,-0.10417716559534732
Brusko_1329_TCRB.tsv,-0.10938871034198594
Brusko_13352_TCRB.tsv,-0.12295758338577702
Brusko_13353_TCRB.tsv,-0.1262627692307691
Brusko_13371_TCRB.tsv,-0.10505597484276724
Brusko_13432_TCRB.tsv,-0.13043017031630133
Brusko_13437_TCRB.tsv,-0.105652602464169
Brusko_13440_TCRB.tsv,-0.09050954241071436
Brusko_13528_TCRB.tsv,-0.1281852071005916
Brusko_13718_TCRB.tsv,-0.09791050834597881
Brusko_1374_TCRB.tsv,-0.08837845739166485
Brusko_1375_TCRB.tsv,-0.10602739726027423
Brusko_1376_TCRB.tsv,-0.119621378586424
Brusko_1378_TCRB.tsv,-0.08661691716183142
Brusko_13827_TCRB.tsv,-0.11804157862026109
Brusko_13981_TCRB.tsv,-0.12333393476752269
Brusko_13986_TCRB.tsv,-0.0749487469684722
Brusko_13991_TCRB.tsv,-0.08833155061019375
Brusko_13995_TCRB.tsv,-0.08030787963124024
Brusko_13996_TCRB.tsv,-0.10888903272204217
Brusko_13999_TCRB.tsv,-0.0893554835071892
Brusko_14142_TCRB.tsv,-0.07529684796044507
Brusko_14144_TCRB.tsv,-0.1334036371237456
Brusko_14269_TCRB.tsv,-0.14176723891273282
Brusko_1429_TCRB.tsv,-0.10535724444444423
Brusko_1432_TCRB.tsv,-0.12174105919003117
Brusko_14390_TCRB.tsv,-0.12532981047221345
Brusko_14392_TCRB.tsv,-0.10660593471810079
Brusko_14396_TCRB.tsv,-0.11040191501003112
Brusko_14440_TCRB.tsv,-0.08475244274809149
Brusko_14443_TCRB.tsv,-0.10170423383181212
Brusko_14445_TCRB.tsv,-0.11576694101508918
Brusko_14447_TCRB.tsv,-0.1239511627906976
Brusko_14510_TCRB.tsv,-0.13343199999999997
Brusko_14550_TCRB.tsv,-0.09748421917808217
Brusko_14552_TCRB.tsv,-0.13668379295714886
Brusko_14555_TCRB.tsv,-0.11083729970326367
Brusko_14617_TCRB.tsv,-0.11188352941176462
Brusko_14625_TCRB.tsv,-0.09677494481236211
Brusko_14657_TCRB.tsv,-0.1396142633228841
Brusko_14659_TCRB.tsv,-0.11773955110706692
Brusko_14661_TCRB.tsv,-0.08386034218590392
Brusko_14663_TCRB.tsv,-0.09402454939539164
Brusko_14671_TCRB.tsv,-0.09682697795071366
Brusko_14673_TCRB.tsv,-0.11843756097560969
Brusko_14699_TCRB.tsv,-0.1099224642943596
Brusko_14701_TCRB.tsv,-0.10548926964347526
Brusko_14710_TCRB.tsv,-0.11038979897989802
Brusko_14714_TCRB.tsv,-0.09866781504986433
Brusko_14717_TCRB.tsv,-0.10940493898896009
Brusko_14719_TCRB.tsv,-0.08384874306235704
Brusko_14720_TCRB.tsv,-0.10919604707302352
Brusko_1488_TCRB.tsv,-0.10458582954075313
Brusko_1491_TCRB.tsv,-0.07661757910597687
Brusko_14934_TCRB.tsv,-0.1269303590285115
Brusko_1493_TCRB.tsv,-0.1002068664850136
Brusko_14940_TCRB.tsv,-0.08333759948376031
Brusko_14941_TCRB.tsv,-0.120264350858369
Brusko_14944_TCRB.tsv,-0.08964510854243013
Brusko_1495_TCRB.tsv,-0.08726806298276908
Brusko_1499_TCRB.tsv,-0.12927668566001915
Brusko_15050_TCRB.tsv,-0.09165296092796092
Brusko_15051_TCRB.tsv,-0.10427801047120425
Brusko_15059_TCRB.tsv,-0.09688570504527806
Brusko_15063_TCRB.tsv,-0.11818168462291902
Brusko_1506_TCRB.tsv,-0.1251443010325659
Brusko_15114_TCRB.tsv,-0.1065774177467598
Brusko_15117_TCRB.tsv,-0.10301268992684307
Brusko_15120_TCRB.tsv,-0.10806227483273291
Brusko_15127_TCRB.tsv,-0.10258170451645815
Brusko_1522_TCRB.tsv,-0.08629167582417575
Brusko_1523_TCRB.tsv,-0.09956332535066721
Brusko_15273_TCRB.tsv,-0.1247129609185252
Brusko_1546_TCRB.tsv,-0.10868084759576253
Brusko_1547_TCRB.tsv,-0.0956503973105136
Brusko_1549_TCRB.tsv,-0.11438386906517264
Brusko_15586_TCRB.tsv,-0.11424272559852654
Brusko_15587_TCRB.tsv,-0.07948271186440665
Brusko_15588_TCRB.tsv,-0.1171897310513451
Brusko_1573_TCRB.tsv,-0.11872381355932184
Brusko_1576_TCRB.tsv,-0.11629851871101907
Brusko_15776_TCRB.tsv,-0.10511886246786634
Brusko_15779_TCRB.tsv,-0.1095308037622916
Brusko_1577_TCRB.tsv,-0.1262368689733409
Brusko_15782_TCRB.tsv,-0.1194077109406538
Brusko_15790_TCRB.tsv,-0.11984645900675883
Brusko_15793_TCRB.tsv,-0.11948109121199507
Brusko_15796_TCRB.tsv,-0.1319388654477261
Brusko_15859_TCRB.tsv,-0.1365869894509061
Brusko_15862_TCRB.tsv,-0.1354252549019609
Brusko_15874_TCRB.tsv,-0.0765464895104897
Brusko_1592_TCRB.tsv,-0.11511395862068978
Brusko_15966_TCRB.tsv,-0.121948312392215
Brusko_15969_TCRB.tsv,-0.07227601674641143
Brusko_15972_TCRB.tsv,-0.1312662698412697
Brusko_1598_TCRB.tsv,-0.1054939147504209
Brusko_1600_TCRB.tsv,-0.1197801587301588
Brusko_16067_TCRB.tsv,-0.1086571597913703
Brusko_16071_TCRB.tsv,-0.10701046373365071
Brusko_16084_TCRB.tsv,-0.10264935008665518
Brusko_16173_TCRB.tsv,-0.10237156580211346
Brusko_16174_TCRB.tsv,-0.1162489990900817
Brusko_16177_TCRB.tsv,-0.11087433439829565
Brusko_16178_TCRB.tsv,-0.094914616075438
Brusko_16179_TCRB.tsv,-0.11019734208880566
Brusko_16180_TCRB.tsv,-0.11331783681214432
Brusko_16182_TCRB.tsv,-0.11311085755464793
Brusko_16184_TCRB.tsv,-0.09629375812743803
Brusko_16186_TCRB.tsv,-0.13317920887602538
Brusko_16189_TCRB.tsv,-0.07701877980922114
Brusko_16191_TCRB.tsv,-0.10740230556409477
Brusko_16201_TCRB.tsv,-0.09471184329301323
Brusko_16243_TCRB.tsv,-0.1082899320815023
Brusko_16268_TCRB.tsv,-0.12365287068004467
Brusko_16271_TCRB.tsv,-0.08188783260764365
Brusko_16319_TCRB.tsv,-0.12409868240461171
Brusko_16331_TCRB.tsv,-0.10924457142857154
Brusko_16348_TCRB.tsv,-0.08964827304868113
Brusko_1634_TCRB.tsv,-0.09069878246753217
Brusko_16356_TCRB.tsv,-0.10933226319135408
Brusko_16380_TCRB.tsv,-0.09560319619177123
Brusko_16388_TCRB.tsv,-0.08381308785271174
Brusko_16391_TCRB.tsv,-0.11215513902681243
Brusko_16400_TCRB.tsv,-0.11353443499392464
Brusko_16412_TCRB.tsv,-0.1267356401384084
Brusko_16439_TCRB.tsv,-0.10806490006056942
Brusko_16440_TCRB.tsv,-0.09925964607911188
Brusko_16450_TCRB.tsv,-0.0941135313531356
Brusko_16530_TCRB.tsv,-0.09166284488044146
Brusko_16571_TCRB.tsv,-0.10727206198880743
Brusko_16619_TCRB.tsv,-0.09837596928982732
Brusko_16621_TCRB.tsv,-0.09727542783338691
Brusko_16623_TCRB.tsv,-0.10481589198760556
Brusko_16624_TCRB.tsv,-0.09327313519813524
Brusko_16626_TCRB.tsv,-0.10394183133871425
Brusko_16659_TCRB.tsv,-0.11849560223170336
Brusko_1667_TCRB.tsv,-0.08525275507513824
Brusko_1668_TCRB.tsv,-0.1130764828303848
Brusko_16911_TCRB.tsv,-0.11278906999041229
Brusko_16914_TCRB.tsv,-0.08976149037259319
Brusko_16917_TCRB.tsv,-0.12715612362796086
Brusko_16919_TCRB.tsv,-0.10962304261645192
Brusko_16929_TCRB.tsv,-0.12484981230147266
Brusko_16932_TCRB.tsv,-0.12663455003146631
Brusko_16941_TCRB.tsv,-0.10062397640527387
Brusko_16947_TCRB.tsv,-0.093587141947804
Brusko_16962_TCRB.tsv,-0.12033109335270627
Brusko_17029_TCRB.tsv,-0.1139905829596411
Brusko_17155_TCRB.tsv,-0.09495267042987411
Brusko_17180_TCRB.tsv,-0.10700733788395926
Brusko_17195_TCRB.tsv,-0.09305352075670033
Brusko_17206_TCRB.tsv,-0.08668415453527442
Brusko_17252_TCRB.tsv,-0.09847929035250477
Brusko_17253_TCRB.tsv,-0.1252752716593245
Brusko_17256_TCRB.tsv,-0.08443492132867121
Brusko_17273_TCRB.tsv,-0.10132396327951897
Brusko_17275_TCRB.tsv,-0.10156581508515805
Brusko_17326_TCRB.tsv,-0.10699180212014162
Brusko_17329_TCRB.tsv,-0.10940952879581164
Brusko_17332_TCRB.tsv,-0.12063873740367491
Brusko_17333_TCRB.tsv,-0.11268489085948173
Brusko_17379_TCRB.tsv,-0.10915174004192874
Brusko_1743_TCRB.tsv,-0.08468751385297393
Brusko_1744_TCRB.tsv,-0.0886032604925424
Brusko_17471_TCRB.tsv,-0.09261266149870793
Brusko_17491_TCRB.tsv,-0.10353355918692699
Brusko_17575_TCRB.tsv,-0.1297183072916668
Brusko_17576_TCRB.tsv,-0.1295779304232226
Brusko_17577_TCRB.tsv,-0.1289436712913558
Brusko_17623_TCRB.tsv,-0.10578515909642942
Brusko_17653_TCRB.tsv,-0.09618586426696663
Brusko_1765_TCRB.tsv,-0.09148964218455727
Brusko_17664_TCRB.tsv,-0.10771954887218081
Brusko_17673_TCRB.tsv,-0.13355738095238148
Brusko_17717_TCRB.tsv,-0.11028179453836184
Brusko_17718_TCRB.tsv,-0.1132072956857244
Brusko_17719_TCRB.tsv,-0.11190133657351153
Brusko_17730_TCRB.tsv,-0.10259972001866532
Brusko_17734_TCRB.tsv,-0.08781360351869316
Brusko_17737_TCRB.tsv,-0.09099771414217528
Brusko_17857_TCRB.tsv,-0.092466364309515
Brusko_18320_TCRB.tsv,-0.07985954095409523
Brusko_18323_TCRB.tsv,-0.09498185224839405
Brusko_18325_TCRB.tsv,-0.09547095287958138
Brusko_18331_TCRB.tsv,-0.08723541097591272
Brusko_18333_TCRB.tsv,-0.11753419354838708
Brusko_18336_TCRB.tsv,-0.10247914252607164
Brusko_18337_TCRB.tsv,-0.08286665071770337
Brusko_18338_TCRB.tsv,-0.09305616024187426
Brusko_18340_TCRB.tsv,-0.10874517241379328
Brusko_18342_TCRB.tsv,-0.0958759111419644
Brusko_18343_TCRB.tsv,-0.07675823220064727
Brusko_18344_TCRB.tsv,-0.09077122557726451
Brusko_18346_TCRB.tsv,-0.11138731379144634
Brusko_18348_TCRB.tsv,-0.086286366229321
Brusko_1838_TCRB.tsv,-0.09399493787390722
Brusko_1840_TCRB.tsv,-0.08324801762114514
Brusko_1841_TCRB.tsv,-0.1034284906222091
Brusko_1842_TCRB.tsv,-0.09416073721267344
Brusko_18483_TCRB.tsv,-0.0813292381479436
Brusko_18484_TCRB.tsv,-0.0713913580246913
Brusko_18618_TCRB.tsv,-0.13616217426710112
Brusko_18721_TCRB.tsv,-0.1111374867444332
Brusko_1874_TCRB.tsv,-0.10428626577579796
Brusko_1876_TCRB.tsv,-0.09233648095043055
Brusko_1878_TCRB.tsv,-0.10986489361702158
Brusko_1879_TCRB.tsv,-0.10844978999618182
Brusko_18804_TCRB.tsv,-0.10735286103542233
Brusko_18805_TCRB.tsv,-0.13746979516967295
Brusko_18895_TCRB.tsv,-0.08651427942794297
Brusko_1904_TCRB.tsv,-0.13196891304347821
Brusko_1907_TCRB.tsv,-0.1175227582447535
Brusko_1908_TCRB.tsv,-0.09614879365079367
Brusko_1910_TCRB.tsv,-0.10310840098168798
Brusko_1912_TCRB.tsv,-0.09554752440725237
Brusko_19943_TCRB.tsv,-0.11046246840775076
Brusko_19993_TCRB.tsv,-0.11258214285714292
Brusko_20056_TCRB.tsv,-0.08878295142071498
Brusko_20168_TCRB.tsv,-0.09251449854651154
Brusko_20194_TCRB.tsv,-0.104462488728584
Brusko_20196_TCRB.tsv,-0.10632069364161849
Brusko_20198_TCRB.tsv,-0.12645849914724283
Brusko_20199_TCRB.tsv,-0.0943715817694371
Brusko_2035_TCRB.tsv,-0.10670741160900021
Brusko_20417_TCRB.tsv,-0.11560654911838782
Brusko_20418_TCRB.tsv,-0.11138950019372322
Brusko_20422_TCRB.tsv,-0.1166784538506762
Brusko_20425_TCRB.tsv,-0.10243335116341257
Brusko_2050_TCRB.tsv,-0.1019179528280285
Brusko_2054_TCRB.tsv,-0.10860870307167216
Brusko_2058_TCRB.tsv,-0.10500849441873136
Brusko_20600_TCRB.tsv,-0.14041853521126765
Brusko_20603_TCRB.tsv,-0.10676277897768184
Brusko_20605_TCRB.tsv,-0.13123702500811968
Brusko_20609_TCRB.tsv,-0.13135384615384624
Brusko_20616_TCRB.tsv,-0.09901835868411737
Brusko_20800_TCRB.tsv,-0.13664048982188293
Brusko_20803_TCRB.tsv,-0.08397484848484871
Brusko_20825_TCRB.tsv,-0.09820128000000003
Brusko_20896_TCRB.tsv,-0.09406172237131007
Brusko_20899_TCRB.tsv,-0.10151363236587518
Brusko_20903_TCRB.tsv,-0.12917905866302865
Brusko_20919_TCRB.tsv,-0.10987822148271426
Brusko_20923_TCRB.tsv,-0.08072018790100824
Brusko_20924_TCRB.tsv,-0.07661817718940919
Brusko_21077_TCRB.tsv,-0.11603800904977377
Brusko_21078_TCRB.tsv,-0.08527360515021436
Brusko_21080_TCRB.tsv,-0.08033139489194495
Brusko_2119_TCRB.tsv,-0.11574802908534242
Brusko_2123_TCRB.tsv,-0.12039010782934834
Brusko_21291_TCRB.tsv,-0.12422120407259865
Brusko_21381_TCRB.tsv,-0.10340786048932847
Brusko_2138_TCRB.tsv,-0.13483555678059533
Brusko_2142_TCRB.tsv,-0.09646956922368123
Brusko_21522_TCRB.tsv,-0.11720958501652612
Brusko_21581_TCRB.tsv,-0.12342844586496166
Brusko_21585_TCRB.tsv,-0.09901886314264992
Brusko_21587_TCRB.tsv,-0.09218492658076116
Brusko_21651_TCRB.tsv,-0.10997834793491885
Brusko_21653_TCRB.tsv,-0.07572226626253187
Brusko_21738_TCRB.tsv,-0.11018244523386618
Brusko_21739_TCRB.tsv,-0.09476865745310983
Brusko_21740_TCRB.tsv,-0.10841236151603503
Brusko_21742_TCRB.tsv,-0.10376608047690015
Brusko_21840_TCRB.tsv,-0.12938170794633683
Brusko_21841_TCRB.tsv,-0.09545704678362567
Brusko_21843_TCRB.tsv,-0.08532789244975574
Brusko_21845_TCRB.tsv,-0.11826583837510843
Brusko_21871_TCRB.tsv,-0.13473934151785688
Brusko_21946_TCRB.tsv,-0.10858289000718933
Brusko_21948_TCRB.tsv,-0.11350095631384494
Brusko_2195_TCRB.tsv,-0.10213975167520717
Brusko_21985_TCRB.tsv,-0.11673697262479839
Brusko_21990_TCRB.tsv,-0.10630776722668628
Brusko_22014_TCRB.tsv,-0.12188466165413517
Brusko_22016_TCRB.tsv,-0.1232891048402173
Brusko_22119_TCRB.tsv,-0.07397446236559123
Brusko_22121_TCRB.tsv,-0.10307183098591545
Brusko_22139_TCRB.tsv,-0.11335566037735861
Brusko_22176_TCRB.tsv,-0.12039743406985044
Brusko_22209_TCRB.tsv,-0.11198984027232262
Brusko_22211_TCRB.tsv,-0.10434873160037562
Brusko_22287_TCRB.tsv,-0.11232263485477166
Brusko_22290_TCRB.tsv,-0.11106173575129567
Brusko_22301_TCRB.tsv,-0.11559647180015466
Brusko_2231_TCRB.tsv,-0.11962816864976754
Brusko_22339_TCRB.tsv,-0.123818066561014
Brusko_2233_TCRB.tsv,-0.09454271702838087
Brusko_22341_TCRB.tsv,-0.10061730568142213
Brusko_22343_TCRB.tsv,-0.0900105740987986
Brusko_22358_TCRB.tsv,-0.11035636607313822
Brusko_22484_TCRB.tsv,-0.09319331926863565
Brusko_22488_TCRB.tsv,-0.09467181409295332
Brusko_22493_TCRB.tsv,-0.08344494306764917
Brusko_22569_TCRB.tsv,-0.11313734429496791
Brusko_22572_TCRB.tsv,-0.11597941620533465
Brusko_22577_TCRB.tsv,-0.11965456187895208
Brusko_22679_TCRB.tsv,-0.1296125628140705
Brusko_22685_TCRB.tsv,-0.1219305804216
Brusko_22689_TCRB.tsv,-0.1147146581196581
Brusko_22692_TCRB.tsv,-0.09573266599933268
Brusko_22694_TCRB.tsv,-0.09131841883936075
Brusko_2272_TCRB.tsv,-0.08721086206896556
Brusko_22730_TCRB.tsv,-0.13049873344847432
Brusko_22733_TCRB.tsv,-0.09384337799253253
Brusko_22735_TCRB.tsv,-0.09985245330800899
Brusko_22764_TCRB.tsv,-0.14478250850018928
Brusko_2287_TCRB.tsv,-0.12150911756864838
Brusko_2289_TCRB.tsv,-0.11300899905273125
Brusko_2298_TCRB.tsv,-0.10427474593495945
Brusko_23022_TCRB.tsv,-0.07722128810226167
Brusko_23023_TCRB.tsv,-0.09788394250513333
Brusko_23024_TCRB.tsv,-0.08433759057971009
Brusko_23068_TCRB.tsv,-0.08534405553948518
Brusko_23071_TCRB.tsv,-0.11759812280015638
Brusko_23072_TCRB.tsv,-0.12772582359192336
Brusko_23094_TCRB.tsv,-0.12002367933271585
Brusko_23103_TCRB.tsv,-0.11011315580286159
Brusko_23113_TCRB.tsv,-0.10112400966183589
Brusko_23126_TCRB.tsv,-0.08745503938598276
Brusko_23136_TCRB.tsv,-0.13827032763239255
Brusko_23255_TCRB.tsv,-0.10423688811188847
Brusko_23257_TCRB.tsv,-0.12231687192118244
Brusko_23281_TCRB.tsv,-0.0982294205545406
Brusko_23282_TCRB.tsv,-0.09688953794589401
Brusko_23283_TCRB.tsv,-0.1124976688378474
Brusko_23298_TCRB.tsv,-0.08601544380816058
Brusko_23342_TCRB.tsv,-0.09048628169874727
Brusko_23448_TCRB.tsv,-0.11264148972025596
Brusko_23477_TCRB.tsv,-0.11550585849481744
Brusko_23478_TCRB.tsv,-0.09950616570327546
Brusko_23479_TCRB.tsv,-0.08088037786774628
Brusko_2348_TCRB.tsv,-0.07559521753570254
Brusko_2350_TCRB.tsv,-0.09951175640724212
Brusko_23522_TCRB.tsv,-0.09929332477535298
Brusko_23523_TCRB.tsv,-0.07474140857021622
Brusko_2354_TCRB.tsv,-0.08845325720218032
Brusko_23573_TCRB.tsv,-0.0999579223504722
Brusko_23575_TCRB.tsv,-0.11320290564805785
Brusko_23576_TCRB.tsv,-0.0981531316916488
Brusko_23577_TCRB.tsv,-0.09646977099236635
Brusko_23578_TCRB.tsv,-0.12987627468317184
Brusko_2357_TCRB.tsv,-0.10295770902582506
Brusko_23593_TCRB.tsv,-0.1170662293361319
Brusko_23819_TCRB.tsv,-0.10798730859070851
Brusko_23871_TCRB.tsv,-0.10854259203831206
Brusko_23894_TCRB.tsv,-0.08843044238940281
Brusko_23896_TCRB.tsv,-0.1305353095794393
Brusko_23920_TCRB.tsv,-0.10825733382844392
Brusko_23958_TCRB.tsv,-0.15293155165536462
Brusko_23998_TCRB.tsv,-0.10061487994589112
Brusko_24000_TCRB.tsv,-0.10271797361214842
Brusko_24002_TCRB.tsv,-0.1138899540380828
Brusko_24034_TCRB.tsv,-0.11560223642172511
Brusko_24036_TCRB.tsv,-0.08056758930241253
Brusko_2406_TCRB.tsv,-0.10854134029590924
Brusko_24074_TCRB.tsv,-0.10399862848893145
Brusko_2408_TCRB.tsv,-0.09111423034329993
Brusko_2409_TCRB.tsv,-0.09041438537406774
Brusko_2410_TCRB.tsv,-0.1026718245556827
Brusko_2411_TCRB.tsv,-0.10813844664371763
Brusko_24124_TCRB.tsv,-0.12445640889830507
Brusko_2412_TCRB.tsv,-0.10988211403980652
Brusko_24152_TCRB.tsv,-0.12605069804547253
Brusko_24162_TCRB.tsv,-0.1505922374429223
Brusko_24215_TCRB.tsv,-0.12223453784709022
Brusko_24252_TCRB.tsv,-0.09091777275012555
Brusko_24253_TCRB.tsv,-0.11383111992071379
Brusko_24263_TCRB.tsv,-0.130670837438424
Brusko_24273_TCRB.tsv,-0.12155447874493934
Brusko_24352_TCRB.tsv,-0.10683034846884876
Brusko_24354_TCRB.tsv,-0.09404086365453852
Brusko_24355_TCRB.tsv,-0.09753041874192968
Brusko_24357_TCRB.tsv,-0.12127834645669316
Brusko_24358_TCRB.tsv,-0.12223360488798375
Brusko_24359_TCRB.tsv,-0.10147302925136345
Brusko_24365_TCRB.tsv,-0.09706641773628917
Brusko_24367_TCRB.tsv,-0.10282542157174683
Brusko_24418_TCRB.tsv,-0.09736734693877569
Brusko_24420_TCRB.tsv,-0.09166654094827587
Brusko_24421_TCRB.tsv,-0.07590537325676779
Brusko_24423_TCRB.tsv,-0.11814126906050171
Brusko_2443_TCRB.tsv,-0.10161250277100406
Brusko_2444_TCRB.tsv,-0.11131854583772402
Brusko_24489_TCRB.tsv,-0.12978416485900224
Brusko_24491_TCRB.tsv,-0.11619476502082088
Brusko_24493_TCRB.tsv,-0.08654834327369121
Brusko_2449_TCRB.tsv,-0.1217991563919533
Brusko_2450_TCRB.tsv,-0.09563182346109178
Brusko_24532_TCRB.tsv,-0.10053897481219608
Brusko_24533_TCRB.tsv,-0.10046741573033724
Brusko_24535_TCRB.tsv,-0.10767453266703689
Brusko_24538_TCRB.tsv,-0.11113847836275607
Brusko_24550_TCRB.tsv,-0.10114670329670337
Brusko_24558_TCRB.tsv,-0.12414049035943854
Brusko_24581_TCRB.tsv,-0.07701751994680864
Brusko_24583_TCRB.tsv,-0.10828226504128986
Brusko_24592_TCRB.tsv,-0.09827615213770109
Brusko_24629_TCRB.tsv,-0.13315440000000003
Brusko_24631_TCRB.tsv,-0.10431361098185218
Brusko_24633_TCRB.tsv,-0.11397546777546773
Brusko_24663_TCRB.tsv,-0.0951415005246591
Brusko_2466_TCRB.tsv,-0.09157439851943246
Brusko_2469_TCRB.tsv,-0.11830983206933893
Brusko_24711_TCRB.tsv,-0.10150881639255839
Brusko_2474_TCRB.tsv,-0.09869404732254049
Brusko_24758_TCRB.tsv,-0.08851328951128876
Brusko_24760_TCRB.tsv,-0.12031119812059538
Brusko_2479_TCRB.tsv,-0.10013227459016381
Brusko_24852_TCRB.tsv,-0.10127491457286444
Brusko_24857_TCRB.tsv,-0.13137970623501244
Brusko_24858_TCRB.tsv,-0.1090580910963608
Brusko_24859_TCRB.tsv,-0.10356744966442957
Brusko_24860_TCRB.tsv,-0.1129915277030664
Brusko_24932_TCRB.tsv,-0.0996834478808702
Brusko_24940_TCRB.tsv,-0.12332781774580326
Brusko_24948_TCRB.tsv,-0.12737905158069876
Brusko_24956_TCRB.tsv,-0.09246540429887425
Brusko_2499_TCRB.tsv,-0.08210509341199614
Brusko_2503_TCRB.tsv,-0.1121683307332294
Brusko_25137_TCRB.tsv,-0.09555384838803373
Brusko_25139_TCRB.tsv,-0.09840353899154411
Brusko_25140_TCRB.tsv,-0.11577908496732031
Brusko_25141_TCRB.tsv,-0.11738844126506012
Brusko_25157_TCRB.tsv,-0.09179018143009597
Brusko_25160_TCRB.tsv,-0.14192596298149096
Brusko_25186_TCRB.tsv,-0.09588892250407248
Brusko_2521_TCRB.tsv,-0.10832202318229704
Brusko_25320_TCRB.tsv,-0.13256358055009837
Brusko_25328_TCRB.tsv,-0.10570258146424046
Brusko_2532_TCRB.tsv,-0.09094504077375311
Brusko_25330_TCRB.tsv,-0.10890059947545905
Brusko_25337_TCRB.tsv,-0.11796268285950891
Brusko_25339_TCRB.tsv,-0.10288134026574236
Brusko_25342_TCRB.tsv,-0.10552636072572065
Brusko_25345_TCRB.tsv,-0.07718478723404269
Brusko_25348_TCRB.tsv,-0.09519578313253003
Brusko_25350_TCRB.tsv,-0.08866553214478666
Brusko_25352_TCRB.tsv,-0.12298371428571421
Brusko_25353_TCRB.tsv,-0.11036083458083859
Brusko_25355_TCRB.tsv,-0.09281740763932371
Brusko_25356_TCRB.tsv,-0.09559628623188397
Brusko_25358_TCRB.tsv,-0.10927405044059553
Brusko_25360_TCRB.tsv,-0.106286063027075
Brusko_25362_TCRB.tsv,-0.08097966485507235
Brusko_25506_TCRB.tsv,-0.11053576010262983
Brusko_25507_TCRB.tsv,-0.1071181864841745
Brusko_25510_TCRB.tsv,-0.0916870434550787
Brusko_25511_TCRB.tsv,-0.10016293225480295
Brusko_25512_TCRB.tsv,-0.13528646028767988
Brusko_25513_TCRB.tsv,-0.10606585223967435
Brusko_25515_TCRB.tsv,-0.11136093588950757
Brusko_25516_TCRB.tsv,-0.11161934106162309
Brusko_25517_TCRB.tsv,-0.09362961116650051
Brusko_25518_TCRB.tsv,-0.1057801178580581
Brusko_25521_TCRB.tsv,-0.09829805139186326
Brusko_25522_TCRB.tsv,-0.08594298785559795
Brusko_25523_TCRB.tsv,-0.11382185546875008
Brusko_25524_TCRB.tsv,-0.13375400449101837
Brusko_25525_TCRB.tsv,-0.12879392136575304
Brusko_25526_TCRB.tsv,-0.10744202262756872
Brusko_2565_TCRB.tsv,-0.11116651798988988
Brusko_2566_TCRB.tsv,-0.10402115848753027
Brusko_25688_TCRB.tsv,-0.09252393009186628
Brusko_25689_TCRB.tsv,-0.11059788467110976
Brusko_2568_TCRB.tsv,-0.1186517540928837
Brusko_25691_TCRB.tsv,-0.09336949740034645
Brusko_25692_TCRB.tsv,-0.10161237856471345
Brusko_25701_TCRB.tsv,-0.0955559865721746
Brusko_25702_TCRB.tsv,-0.09927749301025168
Brusko_25703_TCRB.tsv,-0.11287695007800295
Brusko_25705_TCRB.tsv,-0.09571698113207572
Brusko_25707_TCRB.tsv,-0.08794479927007263
Brusko_25708_TCRB.tsv,-0.08389450310559003
Brusko_25709_TCRB.tsv,-0.12315123578843312
Brusko_2570_TCRB.tsv,-0.0998416137620318
Brusko_25710_TCRB.tsv,-0.09410375957854435
Brusko_25711_TCRB.tsv,-0.10471042490118569
Brusko_25712_TCRB.tsv,-0.09172548076923097
Brusko_25715_TCRB.tsv,-0.08334673622907086
Brusko_25716_TCRB.tsv,-0.12393622196883292
Brusko_25717_TCRB.tsv,-0.11294130487509135
Brusko_25719_TCRB.tsv,-0.12129468110143586
Brusko_25720_TCRB.tsv,-0.08648110465116297
Brusko_2572_TCRB.tsv,-0.10202199792960692
Brusko_25868_TCRB.tsv,-0.097790525643074
Brusko_25869_TCRB.tsv,-0.10684506828528063
Brusko_25870_TCRB.tsv,-0.09439268363215718
Brusko_25871_TCRB.tsv,-0.08534113449875133
Brusko_25874_TCRB.tsv,-0.09404929674890503
Brusko_25876_TCRB.tsv,-0.06729389546753789
Brusko_25878_TCRB.tsv,-0.09107801034807157
Brusko_25879_TCRB.tsv,-0.09951304596060549
Brusko_25882_TCRB.tsv,-0.07529413580246906
Brusko_25884_TCRB.tsv,-0.09297288372093024
Brusko_25885_TCRB.tsv,-0.10098938917397779
Brusko_25886_TCRB.tsv,-0.10064647811205202
Brusko_25887_TCRB.tsv,-0.1165793493975907
Brusko_25910_TCRB.tsv,-0.1068057118316514
Brusko_25913_TCRB.tsv,-0.11590835571471188
Brusko_25936_TCRB.tsv,-0.11348587426826189
Brusko_25989_TCRB.tsv,-0.0989899456521743
Brusko_25990_TCRB.tsv,-0.10915702885205655
Brusko_26044_TCRB.tsv,-0.10612369371538673
Brusko_2609_TCRB.tsv,-0.06759902694610773
Brusko_2611_TCRB.tsv,-0.10982937230474363
Brusko_26180_TCRB.tsv,-0.12722437662821026
Brusko_26182_TCRB.tsv,-0.08947120175867103
Brusko_26186_TCRB.tsv,-0.10413451295147744
Brusko_26226_TCRB.tsv,-0.08303914903196791
Brusko_26231_TCRB.tsv,-0.11072469006460656
Brusko_26234_TCRB.tsv,-0.10344878911564612
Brusko_26238_TCRB.tsv,-0.1145813515422651
Brusko_26240_TCRB.tsv,-0.11407993211709809
Brusko_26269_TCRB.tsv,-0.12254847443059753
Brusko_26271_TCRB.tsv,-0.08591722136883427
Brusko_26506_TCRB.tsv,-0.09805659050966624
Brusko_26508_TCRB.tsv,-0.12225742747291175
Brusko_2651_TCRB.tsv,-0.11303684719535806
Brusko_2653_TCRB.tsv,-0.1189322443784475
Brusko_26569_TCRB.tsv,-0.1182175385333961
Brusko_26570_TCRB.tsv,-0.11724824320195554
Brusko_2657_TCRB.tsv,-0.09202685999524647
Brusko_26605_TCRB.tsv,-0.10147923455854473
Brusko_26606_TCRB.tsv,-0.10550805356469267
Brusko_2660_TCRB.tsv,-0.08989722177613639
Brusko_2662_TCRB.tsv,-0.11672902358913097
Brusko_26637_TCRB.tsv,-0.10558399644365454
Brusko_26640_TCRB.tsv,-0.10565071551230676
Brusko_26669_TCRB.tsv,-0.10565166666666657
Brusko_26670_TCRB.tsv,-0.11335116883116866
Brusko_26671_TCRB.tsv,-0.11831181818181814
Brusko_26737_TCRB.tsv,-0.08799398236872366
Brusko_26772_TCRB.tsv,-0.07897331647170401
Brusko_26870_TCRB.tsv,-0.09639817992719686
Brusko_26901_TCRB.tsv,-0.09340859638673828
Brusko_2696_TCRB.tsv,-0.0913947316753926
Brusko_2697_TCRB.tsv,-0.08953143207605015
Brusko_2698_TCRB.tsv,-0.10058797190518001
Brusko_26993_TCRB.tsv,-0.1063824466019417
Brusko_27002_TCRB.tsv,-0.10444438314944832
Brusko_27006_TCRB.tsv,-0.10165634989828544
Brusko_2701_TCRB.tsv,-0.10040914396887171
Brusko_2702_TCRB.tsv,-0.13055631001371726
Brusko_27031_TCRB.tsv,-0.10035048379293691
Brusko_27032_TCRB.tsv,-0.10758197495865869
Brusko_27037_TCRB.tsv,-0.08996832369942177
Brusko_2705_TCRB.tsv,-0.10726836803223629
Brusko_27158_TCRB.tsv,-0.10383909855510033
Brusko_27160_TCRB.tsv,-0.12169735860783104
Brusko_27316_TCRB.tsv,-0.12724947040498447
Brusko_27318_TCRB.tsv,-0.11835409168081523
Brusko_27319_TCRB.tsv,-0.1040964162844035
Brusko_27350_TCRB.tsv,-0.10789286792452818
Brusko_2737_TCRB.tsv,-0.09732807665666157
Brusko_27391_TCRB.tsv,-0.10355168094924194
Brusko_2739_TCRB.tsv,-0.08969892110586664
Brusko_2766_TCRB.tsv,-0.08848565923479243
Brusko_2769_TCRB.tsv,-0.10619658092848203
Brusko_2795_TCRB.tsv,-0.08836125674633781
Brusko_2801_TCRB.tsv,-0.09561200710479566
Brusko_2805_TCRB.tsv,-0.12516257703081235
Brusko_2845_TCRB.tsv,-0.10418102951763836
Brusko_2852_TCRB.tsv,-0.09462527630946674
Brusko_2853_TCRB.tsv,-0.10491452234206453
Brusko_2880_TCRB.tsv,-0.11398861607142848
Brusko_29172_TCRB.tsv,-0.08148016671457324
Brusko_29173_TCRB.tsv,-0.08549168996188052
Brusko_29175_TCRB.tsv,-0.07997178299702284
Brusko_29180_TCRB.tsv,-0.09844915975801048
Brusko_29181_TCRB.tsv,-0.08320676190476209
Brusko_29428_TCRB.tsv,-0.13343945140535068
Brusko_2943_TCRB.tsv,-0.10650217702664003
Brusko_2948_TCRB.tsv,-0.0882557607739667
Brusko_2953_TCRB.tsv,-0.08474459267669619
Brusko_2959_TCRB.tsv,-0.092600024360536
Brusko_2967_TCRB.tsv,-0.09474472010178103
Brusko_2973_TCRB.tsv,-0.13655258241758264
Brusko_3004_TCRB.tsv,-0.10357026730135478
Brusko_3007_TCRB.tsv,-0.1029961313012899
Brusko_3035_TCRB.tsv,-0.0978116
Brusko_3038_TCRB.tsv,-0.10860553191489361
Brusko_3041_TCRB.tsv,-0.1367112259970463
Brusko_3043_TCRB.tsv,-0.1007659002169196
Brusko_3056_TCRB.tsv,-0.15279822966507178
Brusko_3061_TCRB.tsv,-0.1087225936599424
Brusko_3095_TCRB.tsv,-0.08154157000269759
Brusko_3097_TCRB.tsv,-0.08089852757674099
Brusko_3100_TCRB.tsv,-0.11417594979647254
Brusko_3113_TCRB.tsv,-0.08371780854059122
Brusko_3117_TCRB.tsv,-0.11739138795986673
Brusko_3131_TCRB.tsv,-0.08494746588693945
Brusko_3164_TCRB.tsv,-0.09923983606557384
Brusko_3167_TCRB.tsv,-0.08400611338797812
Brusko_3169_TCRB.tsv,-0.11307152292152321
Brusko_3171_TCRB.tsv,-0.09220115495668907
Brusko_3173_TCRB.tsv,-0.11281101200686121
Brusko_3190_TCRB.tsv,-0.10810672678527944
Brusko_3192_TCRB.tsv,-0.11940915816326549
Brusko_3196_TCRB.tsv,-0.12498921224284978
Brusko_3211_TCRB.tsv,-0.10822253611557
Brusko_3231_TCRB.tsv,-0.0823746416758543
Brusko_3234_TCRB.tsv,-0.10979074671297463
Brusko_3236_TCRB.tsv,-0.11772324066029562
Brusko_3242_TCRB.tsv,-0.09734248927038616
Brusko_3250_TCRB.tsv,-0.09238002191380569
Brusko_3269_TCRB.tsv,-0.10597935254638743
Brusko_3306_TCRB.tsv,-0.11395874324708585
Brusko_3330_TCRB.tsv,-0.08226791816546761
Brusko_3343_TCRB.tsv,-0.12378535749265414
Brusko_3357_TCRB.tsv,-0.12155668815471411
Brusko_3377_TCRB.tsv,-0.09145014895729883
Brusko_3380_TCRB.tsv,-0.11222179437812842
Brusko_3382_TCRB.tsv,-0.12801165591397853
Brusko_3399_TCRB.tsv,-0.08953241071428565
Brusko_3404_TCRB.tsv,-0.10998444349861686
Brusko_3436_TCRB.tsv,-0.1094425017768297
Brusko_3438_TCRB.tsv,-0.09302054868208719
Brusko_3440_TCRB.tsv,-0.09383659924146659
Brusko_3457_TCRB.tsv,-0.07907070879590117
Brusko_3460_TCRB.tsv,-0.13111630243657393
Brusko_3519_TCRB.tsv,-0.09759212500000017
Brusko_3520_TCRB.tsv,-0.10990764208909386
Brusko_3523_TCRB.tsv,-0.12770860026327333
Brusko_3524_TCRB.tsv,-0.10603053968253989
Brusko_3527_TCRB.tsv,-0.11463422839506167
Brusko_3528_TCRB.tsv,-0.08733933495539345
Brusko_3534_TCRB.tsv,-0.10279533707865184
Brusko_3536_TCRB.tsv,-0.0844749340369394
Brusko_3560_TCRB.tsv,-0.09720800889877615
Brusko_3562_TCRB.tsv,-0.11819424190800686
Brusko_3566_TCRB.tsv,-0.09547312481899795
Brusko_3571_TCRB.tsv,-0.09037815068493114
Brusko_3590_TCRB.tsv,-0.1263618315018315
Brusko_3613_TCRB.tsv,-0.09036101532567051
Brusko_3614_TCRB.tsv,-0.11964055439086946
Brusko_3619_TCRB.tsv,-0.10277351093783886
Brusko_3647_TCRB.tsv,-0.1153786985880908
Brusko_3668_TCRB.tsv,-0.10533331643002032
Brusko_3671_TCRB.tsv,-0.11570693902689401
Brusko_3688_TCRB.tsv,-0.09673302425106965
Brusko_3691_TCRB.tsv,-0.10616459454074528
Brusko_3703_TCRB.tsv,-0.0950498036498039
Brusko_3706_TCRB.tsv,-0.09528919204737747
Brusko_3728_TCRB.tsv,-0.11283889148737179
Brusko_3772_TCRB.tsv,-0.12248119331742267
Brusko_3774_TCRB.tsv,-0.10917085785072778
Brusko_3788_TCRB.tsv,-0.10668015037593981
Brusko_3792_TCRB.tsv,-0.1225705423476969
Brusko_3796_TCRB.tsv,-0.11321324621324622
Brusko_3803_TCRB.tsv,-0.08957157107231946
Brusko_3837_TCRB.tsv,-0.11679445071058
Brusko_3839_TCRB.tsv,-0.12348695652173923
Brusko_3841_TCRB.tsv,-0.13000502379693268
Brusko_3944_TCRB.tsv,-0.09659619473978708
Brusko_3949_TCRB.tsv,-0.06542161469457498
Brusko_3955_TCRB.tsv,-0.0845243908828921
Brusko_3967_TCRB.tsv,-0.10462942968353349
Brusko_3975_TCRB.tsv,-0.0921112324044815
Brusko_3977_TCRB.tsv,-0.11315277834734488
Brusko_3984_TCRB.tsv,-0.10598336287667809
Brusko_3991_TCRB.tsv,-0.1250836123631683
Brusko_3997_TCRB.tsv,-0.10384615613825987
Brusko_3999_TCRB.tsv,-0.1268680407596106
Brusko_4001_TCRB.tsv,-0.12337956036745404
Brusko_4050_TCRB.tsv,-0.13502083211251117
Brusko_4055_TCRB.tsv,-0.11847965478211676
Brusko_4057_TCRB.tsv,-0.11743670748299298
Brusko_4059_TCRB.tsv,-0.11315957732304636
Brusko_4063_TCRB.tsv,-0.11238539461747822
Brusko_4080_TCRB.tsv,-0.08196974428603755
Brusko_4087_TCRB.tsv,-0.10482693877551047
Brusko_4094_TCRB.tsv,-0.12499071051970868
Brusko_4121_TCRB.tsv,-0.09506242718446595
Brusko_4155_TCRB.tsv,-0.13585301403798516
Brusko_4156_TCRB.tsv,-0.11999125283589644
Brusko_4158_TCRB.tsv,-0.13091252699784012
Brusko_4160_TCRB.tsv,-0.12735773889636623
Brusko_4162_TCRB.tsv,-0.1251002766251726
Brusko_4164_TCRB.tsv,-0.125458353584447
Brusko_4186_TCRB.tsv,-0.14012776892430265
Brusko_4221_TCRB.tsv,-0.10151476793248934
Brusko_4224_TCRB.tsv,-0.0976758183738121
Brusko_4225_TCRB.tsv,-0.1335496574107464
Brusko_4276_TCRB.tsv,-0.11184014402947558
Brusko_4297_TCRB.tsv,-0.0859128317443957
Brusko_4302_TCRB.tsv,-0.10763425328862523
Brusko_4303_TCRB.tsv,-0.11845090571295848
Brusko_4370_TCRB.tsv,-0.0948597938144331
Brusko_4371_TCRB.tsv,-0.11009816961561919
Brusko_4375_TCRB.tsv,-0.09361056765440913
Brusko_4377_TCRB.tsv,-0.09353009688289811
Brusko_4379_TCRB.tsv,-0.08138569702826781
Brusko_4381_TCRB.tsv,-0.10738781284004384
Brusko_4391_TCRB.tsv,-0.09235819672131189
Brusko_4405_TCRB.tsv,-0.12055621665982766
Brusko_4443_TCRB.tsv,-0.08330997693194923
Brusko_4444_TCRB.tsv,-0.08580709857408565
Brusko_4461_TCRB.tsv,-0.11074339666357745
Brusko_4535_TCRB.tsv,-0.09899605893185999
Brusko_4539_TCRB.tsv,-0.12589449915110337
Brusko_4544_TCRB.tsv,-0.09040849171047301
Brusko_4581_TCRB.tsv,-0.10446191269576795
Brusko_4615_TCRB.tsv,-0.09467109902067491
Brusko_4619_TCRB.tsv,-0.08916820970440578
Brusko_4662_TCRB.tsv,-0.09865543130990416
Brusko_4669_TCRB.tsv,-0.10972834910620387
Brusko_4683_TCRB.tsv,-0.08795928701640666
Brusko_4689_TCRB.tsv,-0.10811093986862068
Brusko_4717_TCRB.tsv,-0.08610150968904924
Brusko_4721_TCRB.tsv,-0.09248672622846188
Brusko_4723_TCRB.tsv,-0.1170277695716393
Brusko_4728_TCRB.tsv,-0.09956857142857144
Brusko_4729_TCRB.tsv,-0.1049702567313713
Brusko_4735_TCRB.tsv,-0.11366844678450523
Brusko_4740_TCRB.tsv,-0.1352665071770337
Brusko_4746_TCRB.tsv,-0.11514868985231062
Brusko_4754_TCRB.tsv,-0.09156956625928624
Brusko_4787_TCRB.tsv,-0.09446336981210023
Brusko_4810_TCRB.tsv,-0.10062319803198037
Brusko_4829_TCRB.tsv,-0.08885191122071502
Brusko_4863_TCRB.tsv,-0.11045657142857132
Brusko_4866_TCRB.tsv,-0.1356439748515542
Brusko_4869_TCRB.tsv,-0.08599756148833305
Brusko_4872_TCRB.tsv,-0.0957944148936173
Brusko_4877_TCRB.tsv,-0.09160187050359701
Brusko_4882_TCRB.tsv,-0.0974979301423029
Brusko_4895_TCRB.tsv,-0.09031376734258259
Brusko_4912_TCRB.tsv,-0.06673397231096917
Brusko_4925_TCRB.tsv,-0.09288071005917142
Brusko_4932_TCRB.tsv,-0.10683504730563582
Brusko_4940_TCRB.tsv,-0.09621408629441615
Brusko_4957_TCRB.tsv,-0.10782912101290457
Brusko_4959_TCRB.tsv,-0.09983542870905562
Brusko_4977_TCRB.tsv,-0.09418894592117344
Brusko_4986_TCRB.tsv,-0.0712999739243806
Brusko_5000_TCRB.tsv,-0.09576517311608973
Brusko_5007_TCRB.tsv,-0.0900498876404495
Brusko_5082_TCRB.tsv,-0.1037816986095454
Brusko_5092_TCRB.tsv,-0.1097332039231713
Brusko_5230_TCRB.tsv,-0.11463804594799323
Brusko_5231_TCRB.tsv,-0.12436419811320791
Brusko_5233_TCRB.tsv,-0.12999053274516456
Brusko_5250_TCRB.tsv,-0.10264102259215227
Brusko_5252_TCRB.tsv,-0.08599963786859775
Brusko_5254_TCRB.tsv,-0.10810304422745509
Brusko_5270_TCRB.tsv,-0.11757395920648235
Brusko_5295_TCRB.tsv,-0.08673360613810745
Brusko_5299_TCRB.tsv,-0.11013660665575571
Brusko_5302_TCRB.tsv,-0.11205890269151113
Brusko_5325_TCRB.tsv,-0.08567393258426947
Brusko_5329_TCRB.tsv,-0.11481287322564847
Brusko_5331_TCRB.tsv,-0.13671430793157077
Brusko_5336_TCRB.tsv,-0.11390088216761173
Brusko_5343_TCRB.tsv,-0.09990172125268959
Brusko_5371_TCRB.tsv,-0.08002864659456302
Brusko_5373_TCRB.tsv,-0.10447587292501453
Brusko_5376_TCRB.tsv,-0.08120862944162432
Brusko_5422_TCRB.tsv,-0.11869994377284232
Brusko_5423_TCRB.tsv,-0.12272994011976052
Brusko_5425_TCRB.tsv,-0.10662814787701308
Brusko_5429_TCRB.tsv,-0.08020417827298047
Brusko_5431_TCRB.tsv,-0.09911991480298166
Brusko_5440_TCRB.tsv,-0.08295036008230436
Brusko_5463_TCRB.tsv,-0.10248824167872651
Brusko_5469_TCRB.tsv,-0.08526986062717776
Brusko_5474_TCRB.tsv,-0.10903992314261317
Brusko_5511_TCRB.tsv,-0.10398242940385448
Brusko_5515_TCRB.tsv,-0.09720905086103375
Brusko_5518_TCRB.tsv,-0.08574554331497254
Brusko_5546_TCRB.tsv,-0.10936229745370375
Brusko_5549_TCRB.tsv,-0.1044608142493637
Brusko_5550_TCRB.tsv,-0.10625679062247366
Brusko_5566_TCRB.tsv,-0.13517181050656643
Brusko_5568_TCRB.tsv,-0.09024846014492739
Brusko_5594_TCRB.tsv,-0.11119119531903042
Brusko_5596_TCRB.tsv,-0.12420732484076447
Brusko_5600_TCRB.tsv,-0.11865256245996146
Brusko_5605_TCRB.tsv,-0.09212092543471859
Brusko_5650_TCRB.tsv,-0.07993385080645174
Brusko_5664_TCRB.tsv,-0.08984945482866043
Brusko_5670_TCRB.tsv,-0.10917205851619667
Brusko_5677_TCRB.tsv,-0.10136269137792096
Brusko_5692_TCRB.tsv,-0.1061519014589812
Brusko_5731_TCRB.tsv,-0.09957166103776495
Brusko_5734_TCRB.tsv,-0.09231909530386763
Brusko_5746_TCRB.tsv,-0.10329385888501726
Brusko_5748_TCRB.tsv,-0.1044075517434271
Brusko_5783_TCRB.tsv,-0.08571651239175869
Brusko_5796_TCRB.tsv,-0.1231463362068964
Brusko_5820_TCRB.tsv,-0.09544503133393052
Brusko_5824_TCRB.tsv,-0.11942719108083
Brusko_5827_TCRB.tsv,-0.139320542757968
Brusko_5849_TCRB.tsv,-0.12552573018080715
Brusko_5851_TCRB.tsv,-0.10664823794051478
Brusko_5853_TCRB.tsv,-0.10538417611159544
Brusko_5855_TCRB.tsv,-0.08395990159901592
Brusko_5893_TCRB.tsv,-0.0957628169979437
Brusko_5915_TCRB.tsv,-0.1091045742993127
Brusko_5917_TCRB.tsv,-0.11368369146005533
Brusko_5940_TCRB.tsv,-0.12288589973142347
Brusko_5967_TCRB.tsv,-0.09938197175297718
Brusko_5969_TCRB.tsv,-0.12045722661228705
Brusko_5971_TCRB.tsv,-0.11877670079636024
Brusko_5973_TCRB.tsv,-0.11925962638200524
Brusko_6002_TCRB.tsv,-0.11230729195658257
Brusko_6004_TCRB.tsv,-0.09439903969270164
Brusko_6007_TCRB.tsv,-0.10875487137383713
Brusko_6042_TCRB.tsv,-0.11069364303178468
Brusko_6057_TCRB.tsv,-0.11732870676360418
Brusko_6062_TCRB.tsv,-0.11081085230280575
Brusko_6086_TCRB.tsv,-0.12339685491276421
Brusko_6088_TCRB.tsv,-0.11850103282921426
Brusko_6091_TCRB.tsv,-0.10363146387832689
Brusko_6094_TCRB.tsv,-0.11445464813205881
Brusko_6117_TCRB.tsv,-0.09418114619883058
Brusko_6120_TCRB.tsv,-0.08588566126855572
Brusko_6132_TCRB.tsv,-0.10777792769417079
Brusko_6140_TCRB.tsv,-0.10690590377113145
Brusko_6169_TCRB.tsv,-0.07870779551237571
Brusko_6173_TCRB.tsv,-0.11671826360773714
Brusko_6177_TCRB.tsv,-0.12849764641488776
Brusko_6181_TCRB.tsv,-0.11107006441834028
Brusko_6186_TCRB.tsv,-0.12317804995196921
Brusko_6210_TCRB.tsv,-0.08794407153356197
Brusko_6221_TCRB.tsv,-0.0933576056338029
Brusko_6226_TCRB.tsv,-0.09264839720414562
Brusko_6236_TCRB.tsv,-0.1243253339474894
Brusko_6242_TCRB.tsv,-0.11119938720796631
Brusko_6255_TCRB.tsv,-0.10252006704980822
Brusko_6272_TCRB.tsv,-0.1253684086905463
Brusko_6280_TCRB.tsv,-0.10976544546211499
Brusko_6298_TCRB.tsv,-0.07350983288931964
Brusko_6302_TCRB.tsv,-0.06741853799631874
Brusko_6305_TCRB.tsv,-0.10134880536912778
Brusko_6313_TCRB.tsv,-0.10523675503288843
Brusko_6316_TCRB.tsv,-0.09306170448256795
Brusko_6344_TCRB.tsv,-0.08521978653530397
Brusko_6346_TCRB.tsv,-0.0807674286759328
Brusko_6348_TCRB.tsv,-0.13407187591454475
Brusko_6353_TCRB.tsv,-0.08085037634408604
Brusko_6357_TCRB.tsv,-0.1262083489681052
Brusko_6360_TCRB.tsv,-0.13245742476566355
Brusko_6375_TCRB.tsv,-0.0982518401266325
Brusko_6383_TCRB.tsv,-0.09015301136363645
Brusko_6392_TCRB.tsv,-0.1071165760869565
Brusko_6424_TCRB.tsv,-0.08656487566607457
Brusko_6426_TCRB.tsv,-0.07746460857409121
Brusko_6427_TCRB.tsv,-0.10419180260169343
Brusko_6446_TCRB.tsv,-0.10550667965981597
Brusko_6448_TCRB.tsv,-0.08635005117707267
Brusko_6450_TCRB.tsv,-0.13717043773119633
Brusko_6469_TCRB.tsv,-0.09195184434535883
Brusko_6473_TCRB.tsv,-0.10990653937947481
Brusko_6488_TCRB.tsv,-0.0759372646945831
Brusko_6495_TCRB.tsv,-0.1392361184558434
Brusko_6534_TCRB.tsv,-0.10832967765839198
Brusko_6540_TCRB.tsv,-0.11848535479483119
Brusko_6542_TCRB.tsv,-0.12254760371959943
Brusko_6543_TCRB.tsv,-0.11767148519468434
Brusko_6552_TCRB.tsv,-0.09552968749999981
Brusko_6555_TCRB.tsv,-0.11418224336107806
Brusko_6561_TCRB.tsv,-0.1258347955390333
Brusko_6562_TCRB.tsv,-0.11358944401742267
Brusko_6564_TCRB.tsv,-0.09906552968186297
Brusko_6567_TCRB.tsv,-0.10143966341159355
Brusko_6572_TCRB.tsv,-0.11497786829599459
Brusko_6574_TCRB.tsv,-0.12523310918988206
Brusko_6576_TCRB.tsv,-0.13635760130541227
Brusko_6580_TCRB.tsv,-0.10710061728395091
Brusko_6582_TCRB.tsv,-0.10740628642797713
Brusko_6585_TCRB.tsv,-0.11238104927678391
Brusko_6588_TCRB.tsv,-0.11051188118811892
Brusko_6594_TCRB.tsv,-0.12628722627737227
Brusko_6601_TCRB.tsv,-0.1018029726516056
Brusko_6603_TCRB.tsv,-0.11315172832019395
Brusko_6661_TCRB.tsv,-0.11220431451612912
Brusko_6664_TCRB.tsv,-0.1350062244301583
Brusko_6667_TCRB.tsv,-0.13573763570566957
Brusko_6678_TCRB.tsv,-0.13667784452296824
Brusko_6703_TCRB.tsv,-0.0915442888191259
Brusko_6706_TCRB.tsv,-0.10710670103092793
Brusko_6719_TCRB.tsv,-0.0949368891424227
Brusko_6737_TCRB.tsv,-0.0780177658142662
Brusko_6746_TCRB.tsv,-0.10420926118626464
Brusko_6807_TCRB.tsv,-0.10258369818351182
Brusko_6810_TCRB.tsv,-0.09223405562742563
Brusko_6816_TCRB.tsv,-0.1383711581920907
Brusko_6820_TCRB.tsv,-0.10873911513323319
Brusko_6823_TCRB.tsv,-0.10552616791898073
Brusko_6831_TCRB.tsv,-0.09662611177884586
Brusko_6847_TCRB.tsv,-0.09873734735413853
Brusko_6855_TCRB.tsv,-0.1144716436637391
Brusko_6888_TCRB.tsv,-0.09833857499432731
Brusko_6891_TCRB.tsv,-0.09530206995003568
Brusko_6895_TCRB.tsv,-0.09203725820016823
Brusko_6898_TCRB.tsv,-0.12679325025960533
Brusko_6902_TCRB.tsv,-0.09115614179719728
Brusko_6914_TCRB.tsv,-0.080696654040404
Brusko_6943_TCRB.tsv,-0.09828652382294906
Brusko_6966_TCRB.tsv,-0.09287421013960304
Brusko_6968_TCRB.tsv,-0.11337307888040674
Brusko_7000_TCRB.tsv,-0.08945471826205015
Brusko_7003_TCRB.tsv,-0.09350187559354232
Brusko_7006_TCRB.tsv,-0.08609851140456205
Brusko_7010_TCRB.tsv,-0.11878959958398333
Brusko_7012_TCRB.tsv,-0.10046493924231595
Brusko_7087_TCRB.tsv,-0.11951530266343847
Brusko_7092_TCRB.tsv,-0.12208456431535264
Brusko_7097_TCRB.tsv,-0.1251730345911948
Brusko_7101_TCRB.tsv,-0.12512177468201072
Brusko_7105_TCRB.tsv,-0.11440028836911255
Brusko_7108_TCRB.tsv,-0.10961862348178161
Brusko_7112_TCRB.tsv,-0.10148340068386712
Brusko_7115_TCRB.tsv,-0.12220999710228948
Brusko_7122_TCRB.tsv,-0.08937131653992413
Brusko_7141_TCRB.tsv,-0.09358557046979861
Brusko_7147_TCRB.tsv,-0.08855903320312496
Brusko_7149_TCRB.tsv,-0.1058816011235962
Brusko_7167_TCRB.tsv,-0.12366985567010294
Brusko_7175_TCRB.tsv,-0.12252444156684991
Brusko_7182_TCRB.tsv,-0.10838871415356162
Brusko_7185_TCRB.tsv,-0.12879067609368086
Brusko_7191_TCRB.tsv,-0.10781280276816582
Brusko_7195_TCRB.tsv,-0.12719425087108008
Brusko_7203_TCRB.tsv,-0.07058534987128455
Brusko_7210_TCRB.tsv,-0.10238114824335921
Brusko_7255_TCRB.tsv,-0.08678001720800174
Brusko_7264_TCRB.tsv,-0.0633400638467676
Brusko_7273_TCRB.tsv,-0.08345501150180729
Brusko_7279_TCRB.tsv,-0.08549880546075063
Brusko_7281_TCRB.tsv,-0.07856264964086172
Brusko_7289_TCRB.tsv,-0.11073920454545462
Brusko_7335_TCRB.tsv,-0.08513284142071036
Brusko_7346_TCRB.tsv,-0.10021262599469505
Brusko_7358_TCRB.tsv,-0.12118848623853193
Brusko_7372_TCRB.tsv,-0.10071993152359986
Brusko_7383_TCRB.tsv,-0.1195518359561276
Brusko_7387_TCRB.tsv,-0.08945873690172754
Brusko_7393_TCRB.tsv,-0.09587395218876146
Brusko_7400_TCRB.tsv,-0.08909639065817401
Brusko_7407_TCRB.tsv,-0.11993236189647682
Brusko_7412_TCRB.tsv,-0.09754809972636061
Brusko_7431_TCRB.tsv,-0.0981354399758092
Brusko_7434_TCRB.tsv,-0.09404130477890135
Brusko_7460_TCRB.tsv,-0.14463243927125505
Brusko_7463_TCRB.tsv,-0.09567665198237892
Brusko_7464_TCRB.tsv,-0.09085757839721244
Brusko_7468_TCRB.tsv,-0.09493517388651611
Brusko_7471_TCRB.tsv,-0.10411356783919591
Brusko_7476_TCRB.tsv,-0.08728049194232405
Brusko_7478_TCRB.tsv,-0.1247105740181269
Brusko_7482_TCRB.tsv,-0.11620233344606021
Brusko_7485_TCRB.tsv,-0.11768971835765174
Brusko_7489_TCRB.tsv,-0.09352081400253072
Brusko_7509_TCRB.tsv,-0.06160156157925743
Brusko_7517_TCRB.tsv,-0.09433323763250892
Brusko_7524_TCRB.tsv,-0.10336522123893811
Brusko_7546_TCRB.tsv,-0.12713616106333098
Brusko_7572_TCRB.tsv,-0.10319344978165937
Brusko_7574_TCRB.tsv,-0.13301528136293214
Brusko_7619_TCRB.tsv,-0.08414356967121435
Brusko_7628_TCRB.tsv,-0.09758234875444853
Brusko_7629_TCRB.tsv,-0.11020067629880083
Brusko_7631_TCRB.tsv,-0.10775732364659008
Brusko_7634_TCRB.tsv,-0.10143241095890405
Brusko_7637_TCRB.tsv,-0.1165245340562523
Brusko_7675_TCRB.tsv,-0.11911012160228875
Brusko_7680_TCRB.tsv,-0.11133589494163425
Brusko_7684_TCRB.tsv,-0.10772627394289856
Brusko_7685_TCRB.tsv,-0.09210759046778476
Brusko_7690_TCRB.tsv,-0.10089928571428575
Brusko_7691_TCRB.tsv,-0.10816725223732199
Brusko_7693_TCRB.tsv,-0.10430132575757571
Brusko_7696_TCRB.tsv,-0.11713445978105665
Brusko_7698_TCRB.tsv,-0.11462482700775811
Brusko_7730_TCRB.tsv,-0.09755298452468708
Brusko_7732_TCRB.tsv,-0.10230959403192236
Brusko_7734_TCRB.tsv,-0.13118521154606574
Brusko_7738_TCRB.tsv,-0.09532952556425618
Brusko_7740_TCRB.tsv,-0.09444206181608764
Brusko_7816_TCRB.tsv,-0.1017187405541564
Brusko_7818_TCRB.tsv,-0.09134328150382923
Brusko_7820_TCRB.tsv,-0.10186551635333489
Brusko_7822_TCRB.tsv,-0.11642721689059489
Brusko_7871_TCRB.tsv,-0.11360810996563572
Brusko_7992_TCRB.tsv,-0.10775515409139212
Brusko_7993_TCRB.tsv,-0.12890490235153435
Brusko_7994_TCRB.tsv,-0.08073784554003965
Brusko_7995_TCRB.tsv,-0.09574644321196088
Brusko_7996_TCRB.tsv,-0.10794447524752475
Brusko_7997_TCRB.tsv,-0.08704647519582251
Brusko_7998_TCRB.tsv,-0.08594082453494203
Brusko_8000_TCRB.tsv,-0.08467470737913481
Brusko_8001_TCRB.tsv,-0.10490094339622641
Brusko_8002_TCRB.tsv,-0.11426980676328473
Brusko_8003_TCRB.tsv,-0.13266041567128525
Brusko_8004_TCRB.tsv,-0.11657403125
Brusko_8007_TCRB.tsv,-0.09038864353312294
Brusko_8009_TCRB.tsv,-0.12340733224222572
Brusko_8010_TCRB.tsv,-0.13172896825396851
Brusko_8011_TCRB.tsv,-0.12795706002728502
Brusko_8012_TCRB.tsv,-0.11418954179041166
Brusko_8013_TCRB.tsv,-0.11801169680646396
Brusko_8014_TCRB.tsv,-0.13107422790202353
Brusko_8015_TCRB.tsv,-0.0915702440239043
Brusko_8288_TCRB.tsv,-0.11117065287653528
Brusko_8289_TCRB.tsv,-0.09894752941176488
Brusko_8290_TCRB.tsv,-0.09529981900452496
Brusko_8291_TCRB.tsv,-0.10120557056043199
Brusko_8292_TCRB.tsv,-0.13064188079470224
Brusko_8331_TCRB.tsv,-0.11236632503660311
Brusko_8332_TCRB.tsv,-0.10133373702422158
Brusko_8333_TCRB.tsv,-0.13224847161572048
Brusko_8334_TCRB.tsv,-0.11568955555555563
Brusko_8335_TCRB.tsv,-0.16692218380870089
Brusko_8337_TCRB.tsv,-0.10822691056910588
Brusko_8338_TCRB.tsv,-0.11160080275229363
Brusko_8340_TCRB.tsv,-0.11613764312977086
Brusko_8341_TCRB.tsv,-0.12486440480806514
Brusko_8343_TCRB.tsv,-0.10249690327070266
Brusko_8344_TCRB.tsv,-0.1034650988615936
Brusko_8345_TCRB.tsv,-0.11282997181334165
Brusko_8346_TCRB.tsv,-0.11442211619421852
Brusko_8347_TCRB.tsv,-0.10268977219897725
Brusko_8348_TCRB.tsv,-0.12157738619677003
Brusko_8351_TCRB.tsv,-0.09362622694048062
Brusko_8352_TCRB.tsv,-0.11436922371638165
Brusko_8353_TCRB.tsv,-0.06281782708492732
Brusko_8354_TCRB.tsv,-0.12142285215874403
Brusko_8355_TCRB.tsv,-0.1296461588541671
Brusko_8356_TCRB.tsv,-0.1085559068950371
Brusko_8357_TCRB.tsv,-0.11594981767180954
Brusko_8359_TCRB.tsv,-0.10787878993881694
Brusko_8372_TCRB.tsv,-0.09928428506167206
Brusko_8375_TCRB.tsv,-0.12096743197278904
Brusko_8424_TCRB.tsv,-0.09625327102803763
Brusko_8426_TCRB.tsv,-0.0978282980177717
Brusko_8434_TCRB.tsv,-0.08501722122302144
Brusko_8446_TCRB.tsv,-0.09114437289175097
Brusko_8450_TCRB.tsv,-0.10813774777853764
Brusko_8451_TCRB.tsv,-0.09552954385964912
Brusko_8463_TCRB.tsv,-0.09385512080778939
Brusko_8469_TCRB.tsv,-0.11857422571064966
Brusko_8505_TCRB.tsv,-0.11763369666048254
Brusko_9019_TCRB.tsv,-0.10487860682016902
Brusko_9032_TCRB.tsv,-0.11704898493778655
Brusko_9097_TCRB.tsv,-0.12676647365373517
Brusko_9098_TCRB.tsv,-0.132171953578337
Brusko_9140_TCRB.tsv,-0.07380645304850908
Brusko_9143_TCRB.tsv,-0.12908314028314022
Brusko_9214_TCRB.tsv,-0.09561256264617458
Brusko_9237_TCRB.tsv,-0.10290334829133577
Brusko_9303_TCRB.tsv,-0.10657777777777808
Brusko_9304_TCRB.tsv,-0.08536079941327479
Brusko_9374_TCRB.tsv,-0.11131143141153116
Brusko_9375_TCRB.tsv,-0.10772077481840231
Brusko_9378_TCRB.tsv,-0.08782666290868112
Brusko_9398_TCRB.tsv,-0.09298818011257043
Brusko_9463_TCRB.tsv,-0.08723159531650246
Brusko_9465_TCRB.tsv,-0.10199966483851329
Brusko_9472_TCRB.tsv,-0.11576450603486804
Brusko_9473_TCRB.tsv,-0.12978233601841208
Brusko_9542_TCRB.tsv,-0.10080917974533604
Brusko_9543_TCRB.tsv,-0.11139796573875801
Brusko_9544_TCRB.tsv,-0.10554903389293624
Brusko_9545_TCRB.tsv,-0.097860045924225
Brusko_9599_TCRB.tsv,-0.1106747853863049
Brusko_9600_TCRB.tsv,-0.139869287833828
Brusko_9602_TCRB.tsv,-0.13127798310454133
Brusko_9701_TCRB.tsv,-0.10324509598603811
Brusko_9702_TCRB.tsv,-0.08715992029604328
Brusko_9926_TCRB.tsv,-0.09842380611270286
Brusko_9934_TCRB.tsv,-0.08688611717974225
Brusko_9936_TCRB.tsv,-0.11139387950270935
Brusko_9937_TCRB.tsv,-0.11047287145242055
Brusko_9939_TCRB.tsv,-0.09692555277430105
Brusko_9941_TCRB.tsv,-0.11524398434281045
Brusko_9943_TCRB.tsv,-0.11351729362591456
Brusko_9951_TCRB.tsv,-0.11512651741293496
Brusko_9963_TCRB.tsv,-0.12918311727464607
Brusko_9964_TCRB.tsv,-0.12013505692599627
Brusko_9965_TCRB.tsv,-0.10351138560687437
